stage,method,weight_boundary,threshold,sensitivity,specificity,mcc,w12,w23,w34,qwk,macro_f1
stage1,weighted,0.0,0.1,0.9891732283464567,0.2624113475177305,0.4193875721475466,,,,,
stage1,weighted,0.0,0.15000000000000002,0.9822834645669292,0.375886524822695,0.5024764488844641,,,,,
stage1,weighted,0.0,0.20000000000000004,0.9744094488188977,0.49645390070921985,0.5814187570713859,,,,,
stage1,weighted,0.0,0.25000000000000006,0.9606299212598425,0.5957446808510638,0.625451715990414,,,,,
stage1,weighted,0.0,0.30000000000000004,0.9478346456692913,0.6773049645390071,0.6598317468239507,,,,,
stage1,weighted,0.0,0.3500000000000001,0.9350393700787402,0.7695035460992907,0.7036434055881614,,,,,
stage1,weighted,0.0,0.40000000000000013,0.922244094488189,0.8404255319148937,0.7328390005108815,,,,,
stage1,weighted,0.0,0.45000000000000007,0.9124015748031497,0.8865248226950354,0.7500134064628081,,,,,
stage1,weighted,0.0,0.5000000000000001,0.8976377952755905,0.9078014184397163,0.741910484488766,,,,,
stage1,weighted,0.0,0.5500000000000002,0.8848425196850394,0.9219858156028369,0.7329123837715594,,,,,
stage1,weighted,0.0,0.6000000000000002,0.8740157480314961,0.9290780141843972,0.7223745435094164,,,,,
stage1,weighted,0.0,0.6500000000000001,0.8612204724409449,0.9468085106382979,0.7177501004830534,,,,,
stage1,weighted,0.0,0.7000000000000002,0.8494094488188977,0.9716312056737588,0.7206311901681548,,,,,
stage1,weighted,0.0,0.7500000000000002,0.8248031496062992,0.9893617021276596,0.7029552191661879,,,,,
stage1,weighted,0.0,0.8000000000000002,0.8080708661417323,0.9893617021276596,0.6829872562644543,,,,,
stage1,weighted,0.0,0.8500000000000002,0.7765748031496063,1.0,0.6559297222768508,,,,,
stage1,weighted,0.0,0.9000000000000002,0.7312992125984252,1.0,0.6095728499320938,,,,,
stage1,weighted,0.05,0.1,0.9911417322834646,0.26595744680851063,0.4309462557192468,,,,,
stage1,weighted,0.05,0.15000000000000002,0.9822834645669292,0.375886524822695,0.5024764488844641,,,,,
stage1,weighted,0.05,0.20000000000000004,0.9744094488188977,0.5,0.5842990771606693,,,,,
stage1,weighted,0.05,0.25000000000000006,0.9596456692913385,0.5957446808510638,0.6231357312311632,,,,,
stage1,weighted,0.05,0.30000000000000004,0.9438976377952756,0.6879432624113475,0.6597341143542084,,,,,
stage1,weighted,0.05,0.3500000000000001,0.9340551181102362,0.7836879432624113,0.7123336821371534,,,,,
stage1,weighted,0.05,0.40000000000000013,0.9232283464566929,0.8581560283687943,0.7476385974009889,,,,,
stage1,weighted,0.05,0.45000000000000007,0.9084645669291339,0.8865248226950354,0.7435051732875041,,,,,
stage1,weighted,0.05,0.5000000000000001,0.8966535433070866,0.9078014184397163,0.7403715917716502,,,,,
stage1,weighted,0.05,0.5500000000000002,0.8828740157480315,0.9184397163120568,0.7273344860458091,,,,,
stage1,weighted,0.05,0.6000000000000002,0.8700787401574803,0.9361702127659575,0.7220873054723523,,,,,
stage1,weighted,0.05,0.6500000000000001,0.8622047244094488,0.9645390070921985,0.7324480883971772,,,,,
stage1,weighted,0.05,0.7000000000000002,0.844488188976378,0.9787234042553191,0.7195834231681506,,,,,
stage1,weighted,0.05,0.7500000000000002,0.8208661417322834,0.9893617021276596,0.69817674680305,,,,,
stage1,weighted,0.05,0.8000000000000002,0.8001968503937008,0.9964539007092199,0.6793670742305858,,,,,
stage1,weighted,0.05,0.8500000000000002,0.7667322834645669,1.0,0.6454502154394289,,,,,
stage1,weighted,0.05,0.9000000000000002,0.719488188976378,1.0,0.5981978657441399,,,,,
stage1,weighted,0.1,0.1,0.9921259842519685,0.2624113475177305,0.43146858624800527,,,,,
stage1,weighted,0.1,0.15000000000000002,0.9832677165354331,0.375886524822695,0.5056859864187406,,,,,
stage1,weighted,0.1,0.20000000000000004,0.9744094488188977,0.5,0.5842990771606693,,,,,
stage1,weighted,0.1,0.25000000000000006,0.9576771653543307,0.6063829787234043,0.6268668359839826,,,,,
stage1,weighted,0.1,0.30000000000000004,0.9429133858267716,0.7127659574468085,0.6765583431871154,,,,,
stage1,weighted,0.1,0.3500000000000001,0.9330708661417323,0.7943262411347518,0.7183772355810679,,,,,
stage1,weighted,0.1,0.40000000000000013,0.9212598425196851,0.8617021276595744,0.7468072187504919,,,,,
stage1,weighted,0.1,0.45000000000000007,0.906496062992126,0.8971631205673759,0.7481555385648027,,,,,
stage1,weighted,0.1,0.5000000000000001,0.8937007874015748,0.9148936170212766,0.7410604586562344,,,,,
stage1,weighted,0.1,0.5500000000000002,0.8799212598425197,0.9219858156028369,0.7256313460327471,,,,,
stage1,weighted,0.1,0.6000000000000002,0.8661417322834646,0.9468085106382979,0.7245549579620666,,,,,
stage1,weighted,0.1,0.6500000000000001,0.8612204724409449,0.9716312056737588,0.73643542801742,,,,,
stage1,weighted,0.1,0.7000000000000002,0.8415354330708661,0.9822695035460993,0.7184714536177805,,,,,
stage1,weighted,0.1,0.7500000000000002,0.8169291338582677,0.9893617021276596,0.6934484069190684,,,,,
stage1,weighted,0.1,0.8000000000000002,0.7923228346456693,1.0,0.6732125147382213,,,,,
stage1,weighted,0.1,0.8500000000000002,0.7568897637795275,1.0,0.6352037218209395,,,,,
stage1,weighted,0.1,0.9000000000000002,0.7066929133858267,1.0,0.586173155503064,,,,,
stage1,weighted,0.15000000000000002,0.1,0.9931102362204725,0.2624113475177305,0.4356233998389572,,,,,
stage1,weighted,0.15000000000000002,0.15000000000000002,0.984251968503937,0.375886524822695,0.5089292068652318,,,,,
stage1,weighted,0.15000000000000002,0.20000000000000004,0.9734251968503937,0.5070921985815603,0.5873561385686563,,,,,
stage1,weighted,0.15000000000000002,0.25000000000000006,0.9566929133858267,0.6134751773049646,0.6301320983034169,,,,,
stage1,weighted,0.15000000000000002,0.30000000000000004,0.9429133858267716,0.7269503546099291,0.6872422154078736,,,,,
stage1,weighted,0.15000000000000002,0.3500000000000001,0.9330708661417323,0.8049645390070922,0.7262516465031469,,,,,
stage1,weighted,0.15000000000000002,0.40000000000000013,0.9183070866141733,0.8652482269503546,0.7443163806769737,,,,,
stage1,weighted,0.15000000000000002,0.45000000000000007,0.9045275590551181,0.8971631205673759,0.7449721747723728,,,,,
stage1,weighted,0.15000000000000002,0.5000000000000001,0.8917322834645669,0.9148936170212766,0.7380370894153118,,,,,
stage1,weighted,0.15000000000000002,0.5500000000000002,0.8759842519685039,0.925531914893617,0.7225518607512506,,,,,
stage1,weighted,0.15000000000000002,0.6000000000000002,0.8651574803149606,0.9574468085106383,0.731183396441187,,,,,
stage1,weighted,0.15000000000000002,0.6500000000000001,0.8533464566929134,0.975177304964539,0.7285137143233439,,,,,
stage1,weighted,0.15000000000000002,0.7000000000000002,0.8356299212598425,0.9858156028368794,0.7136670644229359,,,,,
stage1,weighted,0.15000000000000002,0.7500000000000002,0.812007874015748,0.9929078014184397,0.690332921348807,,,,,
stage1,weighted,0.15000000000000002,0.8000000000000002,0.7795275590551181,1.0,0.6591208236619961,,,,,
stage1,weighted,0.15000000000000002,0.8500000000000002,0.7460629921259843,1.0,0.6241880114723382,,,,,
stage1,weighted,0.15000000000000002,0.9000000000000002,0.6604330708661418,1.0,0.5450109022280667,,,,,
stage1,weighted,0.2,0.1,0.9940944881889764,0.2730496453900709,0.45028747252674606,,,,,
stage1,weighted,0.2,0.15000000000000002,0.984251968503937,0.37943262411347517,0.5120646808111871,,,,,
stage1,weighted,0.2,0.20000000000000004,0.9714566929133859,0.5106382978723404,0.5849311019916534,,,,,
stage1,weighted,0.2,0.25000000000000006,0.9566929133858267,0.6170212765957447,0.6328880204269772,,,,,
stage1,weighted,0.2,0.30000000000000004,0.9438976377952756,0.7411347517730497,0.6998449729575259,,,,,
stage1,weighted,0.2,0.3500000000000001,0.9320866141732284,0.8191489361702128,0.7348888222796891,,,,,
stage1,weighted,0.2,0.40000000000000013,0.9173228346456693,0.8652482269503546,0.7426298528874203,,,,,
stage1,weighted,0.2,0.45000000000000007,0.8996062992125984,0.900709219858156,0.7397452687926124,,,,,
stage1,weighted,0.2,0.5000000000000001,0.889763779527559,0.9184397163120568,0.7376754170439201,,,,,
stage1,weighted,0.2,0.5500000000000002,0.8740157480314961,0.9432624113475178,0.7330084398677095,,,,,
stage1,weighted,0.2,0.6000000000000002,0.8641732283464567,0.9680851063829787,0.7378139128790476,,,,,
stage1,weighted,0.2,0.6500000000000001,0.8464566929133859,0.975177304964539,0.7194516710900561,,,,,
stage1,weighted,0.2,0.7000000000000002,0.8316929133858267,0.9929078014184397,0.7141429265752396,,,,,
stage1,weighted,0.2,0.7500000000000002,0.8041338582677166,1.0,0.6866195901690701,,,,,
stage1,weighted,0.2,0.8000000000000002,0.7667322834645669,1.0,0.6454502154394289,,,,,
stage1,weighted,0.2,0.8500000000000002,0.7145669291338582,1.0,0.5935372718157845,,,,,
stage1,weighted,0.2,0.9000000000000002,0.6387795275590551,1.0,0.5268387372983409,,,,,
stage1,weighted,0.25,0.1,0.9940944881889764,0.2730496453900709,0.45028747252674606,,,,,
stage1,weighted,0.25,0.15000000000000002,0.984251968503937,0.3829787234042553,0.5151877026488771,,,,,
stage1,weighted,0.25,0.20000000000000004,0.9734251968503937,0.5106382978723404,0.5902197350327766,,,,,
stage1,weighted,0.25,0.25000000000000006,0.9557086614173228,0.6347517730496454,0.6443711087953161,,,,,
stage1,weighted,0.25,0.30000000000000004,0.9429133858267716,0.75177304964539,0.7058002170786671,,,,,
stage1,weighted,0.25,0.3500000000000001,0.9271653543307087,0.8368794326241135,0.7389769731878489,,,,,
stage1,weighted,0.25,0.40000000000000013,0.9173228346456693,0.875886524822695,0.75046769861822,,,,,
stage1,weighted,0.25,0.45000000000000007,0.9005905511811023,0.9113475177304965,0.7491846532264609,,,,,
stage1,weighted,0.25,0.5000000000000001,0.8838582677165354,0.9184397163120568,0.7287970715105198,,,,,
stage1,weighted,0.25,0.5500000000000002,0.8730314960629921,0.950354609929078,0.7369148250031244,,,,,
stage1,weighted,0.25,0.6000000000000002,0.860236220472441,0.9680851063829787,0.7324295392663132,,,,,
stage1,weighted,0.25,0.6500000000000001,0.8375984251968503,0.9787234042553191,0.710760219260151,,,,,
stage1,weighted,0.25,0.7000000000000002,0.8248031496062992,0.9929078014184397,0.705665426561946,,,,,
stage1,weighted,0.25,0.7500000000000002,0.7923228346456693,1.0,0.6732125147382213,,,,,
stage1,weighted,0.25,0.8000000000000002,0.7431102362204725,1.0,0.621228342129346,,,,,
stage1,weighted,0.25,0.8500000000000002,0.6860236220472441,1.0,0.5673575692130134,,,,,
stage1,weighted,0.25,0.9000000000000002,0.6200787401574803,1.0,0.5116344080996812,,,,,
stage1,weighted,0.30000000000000004,0.1,0.9950787401574803,0.2730496453900709,0.4545069072611927,,,,,
stage1,weighted,0.30000000000000004,0.15000000000000002,0.9832677165354331,0.3723404255319149,0.5025271473355464,,,,,
stage1,weighted,0.30000000000000004,0.20000000000000004,0.9744094488188977,0.524822695035461,0.6042493177034675,,,,,
stage1,weighted,0.30000000000000004,0.25000000000000006,0.9557086614173228,0.6453900709219859,0.6525436325144339,,,,,
stage1,weighted,0.30000000000000004,0.30000000000000004,0.9419291338582677,0.7624113475177305,0.711752167244517,,,,,
stage1,weighted,0.30000000000000004,0.3500000000000001,0.9261811023622047,0.8439716312056738,0.7424342274119609,,,,,
stage1,weighted,0.30000000000000004,0.40000000000000013,0.9163385826771654,0.8900709219858156,0.7592239005328844,,,,,
stage1,weighted,0.30000000000000004,0.45000000000000007,0.8986220472440944,0.9113475177304965,0.7460835059166346,,,,,
stage1,weighted,0.30000000000000004,0.5000000000000001,0.8809055118110236,0.9361702127659575,0.7376799207522605,,,,,
stage1,weighted,0.30000000000000004,0.5500000000000002,0.8720472440944882,0.9574468085106383,0.7408265198188888,,,,,
stage1,weighted,0.30000000000000004,0.6000000000000002,0.8494094488188977,0.9716312056737588,0.7206311901681548,,,,,
stage1,weighted,0.30000000000000004,0.6500000000000001,0.8346456692913385,0.9858156028368794,0.7124301122049994,,,,,
stage1,weighted,0.30000000000000004,0.7000000000000002,0.8110236220472441,1.0,0.6946277596735678,,,,,
stage1,weighted,0.30000000000000004,0.7500000000000002,0.7726377952755905,1.0,0.6517091912176597,,,,,
stage1,weighted,0.30000000000000004,0.8000000000000002,0.7165354330708661,1.0,0.5953960676843671,,,,,
stage1,weighted,0.30000000000000004,0.8500000000000002,0.6673228346456693,1.0,0.550930355896745,,,,,
stage1,weighted,0.30000000000000004,0.9000000000000002,0.6082677165354331,1.0,0.5022471504076808,,,,,
stage1,weighted,0.35000000000000003,0.1,0.9960629921259843,0.28368794326241137,0.46891483109892573,,,,,
stage1,weighted,0.35000000000000003,0.15000000000000002,0.984251968503937,0.375886524822695,0.5089292068652318,,,,,
stage1,weighted,0.35000000000000003,0.20000000000000004,0.9734251968503937,0.5354609929078015,0.610060716852027,,,,,
stage1,weighted,0.35000000000000003,0.25000000000000006,0.9547244094488189,0.6631205673758865,0.6638931136579493,,,,,
stage1,weighted,0.35000000000000003,0.30000000000000004,0.937992125984252,0.7730496453900709,0.7119555609723853,,,,,
stage1,weighted,0.35000000000000003,0.3500000000000001,0.9232283464566929,0.851063829787234,0.7424200316253243,,,,,
stage1,weighted,0.35000000000000003,0.40000000000000013,0.9114173228346457,0.8936170212765957,0.7536050802003961,,,,,
stage1,weighted,0.35000000000000003,0.45000000000000007,0.8956692913385826,0.9113475177304965,0.7414721967318795,,,,,
stage1,weighted,0.35000000000000003,0.5000000000000001,0.8799212598425197,0.9397163120567376,0.7388879690798831,,,,,
stage1,weighted,0.35000000000000003,0.5500000000000002,0.8661417322834646,0.9609929078014184,0.7352102629015651,,,,,
stage1,weighted,0.35000000000000003,0.6000000000000002,0.844488188976378,0.9787234042553191,0.7195834231681506,,,,,
stage1,weighted,0.35000000000000003,0.6500000000000001,0.8238188976377953,0.9858156028368794,0.6990436844744269,,,,,
stage1,weighted,0.35000000000000003,0.7000000000000002,0.7923228346456693,1.0,0.6732125147382213,,,,,
stage1,weighted,0.35000000000000003,0.7500000000000002,0.7539370078740157,1.0,0.6321734739502296,,,,,
stage1,weighted,0.35000000000000003,0.8000000000000002,0.6958661417322834,1.0,0.5762270831755025,,,,,
stage1,weighted,0.35000000000000003,0.8500000000000002,0.6505905511811023,1.0,0.5366717238139145,,,,,
stage1,weighted,0.35000000000000003,0.9000000000000002,0.5974409448818898,1.0,0.4937794618614066,,,,,
stage1,weighted,0.4,0.1,0.9960629921259843,0.2907801418439716,0.4755709645941208,,,,,
stage1,weighted,0.4,0.15000000000000002,0.984251968503937,0.3723404255319149,0.5057810657089431,,,,,
stage1,weighted,0.4,0.20000000000000004,0.9704724409448819,0.5460992907801419,0.6107318058244947,,,,,
stage1,weighted,0.4,0.25000000000000006,0.9547244094488189,0.6914893617021277,0.6853329331587504,,,,,
stage1,weighted,0.4,0.30000000000000004,0.9360236220472441,0.7801418439716312,0.7134402885535962,,,,,
stage1,weighted,0.4,0.3500000000000001,0.9202755905511811,0.8546099290780141,0.7398711766194844,,,,,
stage1,weighted,0.4,0.40000000000000013,0.905511811023622,0.900709219858156,0.7491820099568117,,,,,
stage1,weighted,0.4,0.45000000000000007,0.8917322834645669,0.9361702127659575,0.7538393670665432,,,,,
stage1,weighted,0.4,0.5000000000000001,0.875,0.950354609929078,0.739723756576765,,,,,
stage1,weighted,0.4,0.5500000000000002,0.8572834645669292,0.9645390070921985,0.7257606854987398,,,,,
stage1,weighted,0.4,0.6000000000000002,0.8356299212598425,0.9787234042553191,0.7082708398485906,,,,,
stage1,weighted,0.4,0.6500000000000001,0.8080708661417323,0.9929078014184397,0.6857181351852047,,,,,
stage1,weighted,0.4,0.7000000000000002,0.7746062992125984,1.0,0.6538146029160017,,,,,
stage1,weighted,0.4,0.7500000000000002,0.735236220472441,1.0,0.6134260312190736,,,,,
stage1,weighted,0.4,0.8000000000000002,0.6850393700787402,1.0,0.5664793386640243,,,,,
stage1,weighted,0.4,0.8500000000000002,0.6427165354330708,1.0,0.5300958857129602,,,,,
stage1,weighted,0.4,0.9000000000000002,0.5846456692913385,1.0,0.48393228116742276,,,,,
stage1,weighted,0.45,0.1,0.9960629921259843,0.2907801418439716,0.4755709645941208,,,,,
stage1,weighted,0.45,0.15000000000000002,0.984251968503937,0.38652482269503546,0.518298482388973,,,,,
stage1,weighted,0.45,0.20000000000000004,0.9655511811023622,0.5531914893617021,0.6038553070547212,,,,,
stage1,weighted,0.45,0.25000000000000006,0.952755905511811,0.6985815602836879,0.686404687139007,,,,,
stage1,weighted,0.45,0.30000000000000004,0.9360236220472441,0.7872340425531915,0.7187004663765283,,,,,
stage1,weighted,0.45,0.3500000000000001,0.9173228346456693,0.8652482269503546,0.7426298528874203,,,,,
stage1,weighted,0.45,0.40000000000000013,0.8996062992125984,0.9078014184397163,0.7450044456870724,,,,,
stage1,weighted,0.45,0.45000000000000007,0.8887795275590551,0.9361702127659575,0.7493736328157179,,,,,
stage1,weighted,0.45,0.5000000000000001,0.8700787401574803,0.950354609929078,0.7327343476172148,,,,,
stage1,weighted,0.45,0.5500000000000002,0.8503937007874016,0.9680851063829787,0.7192456765454942,,,,,
stage1,weighted,0.45,0.6000000000000002,0.8208661417322834,0.9822695035460993,0.6927443404969582,,,,,
stage1,weighted,0.45,0.6500000000000001,0.7874015748031497,0.9964539007092199,0.6649866889601974,,,,,
stage1,weighted,0.45,0.7000000000000002,0.7549212598425197,1.0,0.6331813604099569,,,,,
stage1,weighted,0.45,0.7500000000000002,0.7125984251968503,1.0,0.5916856506989603,,,,,
stage1,weighted,0.45,0.8000000000000002,0.6761811023622047,1.0,0.5586444179490501,,,,,
stage1,weighted,0.45,0.8500000000000002,0.6299212598425197,1.0,0.5195827693623247,,,,,
stage1,weighted,0.45,0.9000000000000002,0.5807086614173228,1.0,0.48093576764306606,,,,,
stage1,weighted,0.5,0.1,0.9960629921259843,0.2978723404255319,0.48215778190793623,,,,,
stage1,weighted,0.5,0.15000000000000002,0.9832677165354331,0.39361702127659576,0.5212931800661283,,,,,
stage1,weighted,0.5,0.20000000000000004,0.9645669291338582,0.5780141843971631,0.6210273061617027,,,,,
stage1,weighted,0.5,0.25000000000000006,0.9498031496062992,0.7021276595744681,0.682787396717058,,,,,
stage1,weighted,0.5,0.30000000000000004,0.9350393700787402,0.8120567375886525,0.7351676823419132,,,,,
stage1,weighted,0.5,0.3500000000000001,0.9143700787401575,0.8687943262411347,0.7402301045609294,,,,,
stage1,weighted,0.5,0.40000000000000013,0.8966535433070866,0.9290780141843972,0.7561403572172308,,,,,
stage1,weighted,0.5,0.45000000000000007,0.8799212598425197,0.9397163120567376,0.7388879690798831,,,,,
stage1,weighted,0.5,0.5000000000000001,0.8641732283464567,0.9539007092198581,0.7271565299808089,,,,,
stage1,weighted,0.5,0.5500000000000002,0.8356299212598425,0.975177304964539,0.7055714539322095,,,,,
stage1,weighted,0.5,0.6000000000000002,0.8031496062992126,0.9858156028368794,0.6745410530087028,,,,,
stage1,weighted,0.5,0.6500000000000001,0.7716535433070866,0.9964539007092199,0.6478879031921796,,,,,
stage1,weighted,0.5,0.7000000000000002,0.7431102362204725,1.0,0.621228342129346,,,,,
stage1,weighted,0.5,0.7500000000000002,0.702755905511811,1.0,0.582532798409814,,,,,
stage1,weighted,0.5,0.8000000000000002,0.6643700787401575,1.0,0.5483849952882943,,,,,
stage1,weighted,0.5,0.8500000000000002,0.6259842519685039,1.0,0.5163893339254998,,,,,
stage1,weighted,0.5,0.9000000000000002,0.5757874015748031,1.0,0.4772114641838769,,,,,
stage1,weighted,0.55,0.1,0.9960629921259843,0.3049645390070922,0.4886781296856759,,,,,
stage1,weighted,0.55,0.15000000000000002,0.9822834645669292,0.40070921985815605,0.5243132232729902,,,,,
stage1,weighted,0.55,0.20000000000000004,0.9625984251968503,0.5851063829787234,0.6218174180231795,,,,,
stage1,weighted,0.55,0.25000000000000006,0.9498031496062992,0.7092198581560284,0.6881162017573492,,,,,
stage1,weighted,0.55,0.30000000000000004,0.9291338582677166,0.8226950354609929,0.7320831926256766,,,,,
stage1,weighted,0.55,0.3500000000000001,0.90748031496063,0.8865248226950354,0.7418930660548878,,,,,
stage1,weighted,0.55,0.40000000000000013,0.8917322834645669,0.9326241134751773,0.7512096154391592,,,,,
stage1,weighted,0.55,0.45000000000000007,0.8740157480314961,0.9539007092198581,0.7409694027779287,,,,,
stage1,weighted,0.55,0.5000000000000001,0.8503937007874016,0.9539007092198581,0.7085093955744394,,,,,
stage1,weighted,0.55,0.5500000000000002,0.8188976377952756,0.975177304964539,0.6849290350406938,,,,,
stage1,weighted,0.55,0.6000000000000002,0.7893700787401575,0.9893617021276596,0.661664611419466,,,,,
stage1,weighted,0.55,0.6500000000000001,0.7588582677165354,0.9964539007092199,0.6344484888829539,,,,,
stage1,weighted,0.55,0.7000000000000002,0.7234251968503937,1.0,0.6019593607188408,,,,,
stage1,weighted,0.55,0.7500000000000002,0.6909448818897638,1.0,0.5717723192453652,,,,,
stage1,weighted,0.55,0.8000000000000002,0.656496062992126,1.0,0.5416589674570079,,,,,
stage1,weighted,0.55,0.8500000000000002,0.6181102362204725,1.0,0.5100586542422574,,,,,
stage1,weighted,0.55,0.9000000000000002,0.5738188976377953,1.0,0.4757282663496017,,,,,
stage1,weighted,0.6000000000000001,0.1,0.9960629921259843,0.3049645390070922,0.4886781296856759,,,,,
stage1,weighted,0.6000000000000001,0.15000000000000002,0.9832677165354331,0.41843971631205673,0.54265590614829,,,,,
stage1,weighted,0.6000000000000001,0.20000000000000004,0.9616141732283464,0.6063829787234043,0.6360532428509927,,,,,
stage1,weighted,0.6000000000000001,0.25000000000000006,0.9478346456692913,0.7269503546099291,0.697284972519091,,,,,
stage1,weighted,0.6000000000000001,0.30000000000000004,0.9232283464566929,0.8262411347517731,0.7240800637615148,,,,,
stage1,weighted,0.6000000000000001,0.3500000000000001,0.9035433070866141,0.8971631205673759,0.7433890765152347,,,,,
stage1,weighted,0.6000000000000001,0.40000000000000013,0.8828740157480315,0.9361702127659575,0.7405746269566873,,,,,
stage1,weighted,0.6000000000000001,0.45000000000000007,0.8622047244094488,0.9539007092198581,0.7244445391090396,,,,,
stage1,weighted,0.6000000000000001,0.5000000000000001,0.8326771653543307,0.9609929078014184,0.6910376457713643,,,,,
stage1,weighted,0.6000000000000001,0.5500000000000002,0.8041338582677166,0.9716312056737588,0.6647281657763286,,,,,
stage1,weighted,0.6000000000000001,0.6000000000000002,0.7716535433070866,0.9893617021276596,0.6423429308704615,,,,,
stage1,weighted,0.6000000000000001,0.6500000000000001,0.7421259842519685,0.9964539007092199,0.617441040508549,,,,,
stage1,weighted,0.6000000000000001,0.7000000000000002,0.7116141732283464,1.0,0.5907625092611335,,,,,
stage1,weighted,0.6000000000000001,0.7500000000000002,0.6820866141732284,1.0,0.5638539538897533,,,,,
stage1,weighted,0.6000000000000001,0.8000000000000002,0.6476377952755905,1.0,0.5341960347506401,,,,,
stage1,weighted,0.6000000000000001,0.8500000000000002,0.6141732283464567,1.0,0.5069207243368211,,,,,
stage1,weighted,0.6000000000000001,0.9000000000000002,0.5698818897637795,1.0,0.47277285932437935,,,,,
stage1,weighted,0.65,0.1,0.9960629921259843,0.30851063829787234,0.49191421979528305,,,,,
stage1,weighted,0.65,0.15000000000000002,0.9822834645669292,0.4432624113475177,0.5604782749393916,,,,,
stage1,weighted,0.65,0.20000000000000004,0.9576771653543307,0.6312056737588653,0.6460949078373811,,,,,
stage1,weighted,0.65,0.25000000000000006,0.9458661417322834,0.7411347517730497,0.703827898027125,,,,,
stage1,weighted,0.65,0.30000000000000004,0.9212598425196851,0.8475177304964538,0.7363519244709112,,,,,
stage1,weighted,0.65,0.3500000000000001,0.8946850393700787,0.8971631205673759,0.7293914202051597,,,,,
stage1,weighted,0.65,0.40000000000000013,0.8759842519685039,0.9432624113475178,0.7358324853081287,,,,,
stage1,weighted,0.65,0.45000000000000007,0.8474409448818898,0.9539007092198581,0.7046127243276821,,,,,
stage1,weighted,0.65,0.5000000000000001,0.8179133858267716,0.9645390070921985,0.6755744763238607,,,,,
stage1,weighted,0.65,0.5500000000000002,0.7933070866141733,0.975177304964539,0.6550739315267935,,,,,
stage1,weighted,0.65,0.6000000000000002,0.7637795275590551,0.9929078014184397,0.636790241486911,,,,,
stage1,weighted,0.65,0.6500000000000001,0.7322834645669292,0.9964539007092199,0.6077175022745487,,,,,
stage1,weighted,0.65,0.7000000000000002,0.7017716535433071,0.9964539007092199,0.5787774714518311,,,,,
stage1,weighted,0.65,0.7500000000000002,0.672244094488189,1.0,0.5552013253036906,,,,,
stage1,weighted,0.65,0.8000000000000002,0.6427165354330708,1.0,0.5300958857129602,,,,,
stage1,weighted,0.65,0.8500000000000002,0.609251968503937,1.0,0.5030233411726752,,,,,
stage1,weighted,0.65,0.9000000000000002,0.5669291338582677,1.0,0.47056578156052414,,,,,
stage1,weighted,0.7000000000000001,0.1,0.9960629921259843,0.30851063829787234,0.49191421979528305,,,,,
stage1,weighted,0.7000000000000001,0.15000000000000002,0.9822834645669292,0.4645390070921986,0.5780338426424038,,,,,
stage1,weighted,0.7000000000000001,0.20000000000000004,0.9566929133858267,0.6382978723404256,0.649315093681979,,,,,
stage1,weighted,0.7000000000000001,0.25000000000000006,0.9399606299212598,0.7411347517730497,0.6919917299441571,,,,,
stage1,weighted,0.7000000000000001,0.30000000000000004,0.9104330708661418,0.8652482269503546,0.7310030373918863,,,,,
stage1,weighted,0.7000000000000001,0.3500000000000001,0.8848425196850394,0.9078014184397163,0.7223110661230204,,,,,
stage1,weighted,0.7000000000000001,0.40000000000000013,0.859251968503937,0.9468085106382979,0.7150569386802531,,,,,
stage1,weighted,0.7000000000000001,0.45000000000000007,0.8336614173228346,0.9539007092198581,0.6868627277169754,,,,,
stage1,weighted,0.7000000000000001,0.5000000000000001,0.8070866141732284,0.9680851063829787,0.6654350035447963,,,,,
stage1,weighted,0.7000000000000001,0.5500000000000002,0.7785433070866141,0.9787234042553191,0.641463944652373,,,,,
stage1,weighted,0.7000000000000001,0.6000000000000002,0.7490157480314961,0.9929078014184397,0.6215719454427459,,,,,
stage1,weighted,0.7000000000000001,0.6500000000000001,0.7234251968503937,0.9964539007092199,0.5991339184021063,,,,,
stage1,weighted,0.7000000000000001,0.7000000000000002,0.6938976377952756,0.9964539007092199,0.5715819441498693,,,,,
stage1,weighted,0.7000000000000001,0.7500000000000002,0.6692913385826772,1.0,0.552634404979325,,,,,
stage1,weighted,0.7000000000000001,0.8000000000000002,0.6377952755905512,1.0,0.5260275917251949,,,,,
stage1,weighted,0.7000000000000001,0.8500000000000002,0.609251968503937,1.0,0.5030233411726752,,,,,
stage1,weighted,0.7000000000000001,0.9000000000000002,0.5679133858267716,1.0,0.4713005802007592,,,,,
stage1,weighted,0.75,0.1,0.9950787401574803,0.30851063829787234,0.4878546103998029,,,,,
stage1,weighted,0.75,0.15000000000000002,0.9783464566929134,0.48226950354609927,0.580937512882783,,,,,
stage1,weighted,0.75,0.20000000000000004,0.9557086614173228,0.6453900709219859,0.6525436325144339,,,,,
stage1,weighted,0.75,0.25000000000000006,0.9330708661417323,0.7695035460992907,0.6999009519210717,,,,,
stage1,weighted,0.75,0.30000000000000004,0.9025590551181102,0.8687943262411347,0.720727987728194,,,,,
stage1,weighted,0.75,0.3500000000000001,0.8759842519685039,0.9184397163120568,0.7172292510199123,,,,,
stage1,weighted,0.75,0.40000000000000013,0.8464566929133859,0.9468085106382979,0.6979360036682575,,,,,
stage1,weighted,0.75,0.45000000000000007,0.8188976377952756,0.9609929078014184,0.6740398573788414,,,,,
stage1,weighted,0.75,0.5000000000000001,0.7942913385826772,0.975177304964539,0.6561867422520193,,,,,
stage1,weighted,0.75,0.5500000000000002,0.7687007874015748,0.9787234042553191,0.6308712588249213,,,,,
stage1,weighted,0.75,0.6000000000000002,0.7401574803149606,0.9893617021276596,0.609866437266955,,,,,
stage1,weighted,0.75,0.6500000000000001,0.7125984251968503,0.9964539007092199,0.588848237975696,,,,,
stage1,weighted,0.75,0.7000000000000002,0.6860236220472441,0.9964539007092199,0.5644902228238238,,,,,
stage1,weighted,0.75,0.7500000000000002,0.6614173228346457,1.0,0.5458523320766328,,,,,
stage1,weighted,0.75,0.8000000000000002,0.6309055118110236,1.0,0.5203841139717257,,,,,
stage1,weighted,0.75,0.8500000000000002,0.6043307086614174,1.0,0.4991531715402142,,,,,
stage1,weighted,0.75,0.9000000000000002,0.5679133858267716,1.0,0.4713005802007592,,,,,
stage1,weighted,0.8,0.1,0.9921259842519685,0.31560283687943264,0.4825943248178964,,,,,
stage1,weighted,0.8,0.15000000000000002,0.9744094488188977,0.5035460992907801,0.5871716150057801,,,,,
stage1,weighted,0.8,0.20000000000000004,0.9517716535433071,0.6524822695035462,0.6492891153267774,,,,,
stage1,weighted,0.8,0.25000000000000006,0.9192913385826772,0.7836879432624113,0.6853005481917536,,,,,
stage1,weighted,0.8,0.30000000000000004,0.8887795275590551,0.8723404255319149,0.7016887199011904,,,,,
stage1,weighted,0.8,0.3500000000000001,0.8582677165354331,0.925531914893617,0.6976269058915063,,,,,
stage1,weighted,0.8,0.40000000000000013,0.8297244094488189,0.9432624113475178,0.6737746319450136,,,,,
stage1,weighted,0.8,0.45000000000000007,0.8041338582677166,0.9609929078014184,0.6565090326022429,,,,,
stage1,weighted,0.8,0.5000000000000001,0.7864173228346457,0.9787234042553191,0.6501167081007108,,,,,
stage1,weighted,0.8,0.5500000000000002,0.7568897637795275,0.9787234042553191,0.6184708103630311,,,,,
stage1,weighted,0.8,0.6000000000000002,0.734251968503937,0.9893617021276596,0.6040196816355702,,,,,
stage1,weighted,0.8,0.6500000000000001,0.702755905511811,0.9964539007092199,0.579684409658701,,,,,
stage1,weighted,0.8,0.7000000000000002,0.6840551181102362,0.9964539007092199,0.5627330570671287,,,,,
stage1,weighted,0.8,0.7500000000000002,0.656496062992126,1.0,0.5416589674570079,,,,,
stage1,weighted,0.8,0.8000000000000002,0.6259842519685039,1.0,0.5163893339254998,,,,,
stage1,weighted,0.8,0.8500000000000002,0.6023622047244095,1.0,0.4976125826469589,,,,,
stage1,weighted,0.8,0.9000000000000002,0.5669291338582677,1.0,0.47056578156052414,,,,,
stage1,weighted,0.8500000000000001,0.1,0.9901574803149606,0.3333333333333333,0.4913766638120903,,,,,
stage1,weighted,0.8500000000000001,0.15000000000000002,0.9734251968503937,0.5319148936170213,0.6072474816879566,,,,,
stage1,weighted,0.8500000000000001,0.20000000000000004,0.9360236220472441,0.6808510638297872,0.6383758227295605,,,,,
stage1,weighted,0.8500000000000001,0.25000000000000006,0.9084645669291339,0.7872340425531915,0.6692070501495161,,,,,
stage1,weighted,0.8500000000000001,0.30000000000000004,0.875,0.8723404255319149,0.681027424242822,,,,,
stage1,weighted,0.8500000000000001,0.3500000000000001,0.843503937007874,0.9290780141843972,0.6805736362957145,,,,,
stage1,weighted,0.8500000000000001,0.40000000000000013,0.8188976377952756,0.9397163120567376,0.657680881091936,,,,,
stage1,weighted,0.8500000000000001,0.45000000000000007,0.7942913385826772,0.9645390070921985,0.6479366284582855,,,,,
stage1,weighted,0.8500000000000001,0.5000000000000001,0.7736220472440944,0.9787234042553191,0.6361372961229549,,,,,
stage1,weighted,0.8500000000000001,0.5500000000000002,0.7470472440944882,0.9822695035460993,0.6111816223130146,,,,,
stage1,weighted,0.8500000000000001,0.6000000000000002,0.7253937007874016,0.9929078014184397,0.598205028911601,,,,,
stage1,weighted,0.8500000000000001,0.6500000000000001,0.6968503937007874,0.9964539007092199,0.574267889868725,,,,,
stage1,weighted,0.8500000000000001,0.7000000000000002,0.6771653543307087,0.9964539007092199,0.5566313257045964,,,,,
stage1,weighted,0.8500000000000001,0.7500000000000002,0.6515748031496063,0.9964539007092199,0.5345914693189215,,,,,
stage1,weighted,0.8500000000000001,0.8000000000000002,0.6220472440944882,1.0,0.5132147441623186,,,,,
stage1,weighted,0.8500000000000001,0.8500000000000002,0.5984251968503937,1.0,0.49454400825818723,,,,,
stage1,weighted,0.8500000000000001,0.9000000000000002,0.562007874015748,1.0,0.46690502595638234,,,,,
stage1,weighted,0.9,0.1,0.9872047244094488,0.35106382978723405,0.4968001055898971,,,,,
stage1,weighted,0.9,0.15000000000000002,0.9665354330708661,0.5602836879432624,0.6119342476302273,,,,,
stage1,weighted,0.9,0.20000000000000004,0.9281496062992126,0.6985815602836879,0.6367577814061172,,,,,
stage1,weighted,0.9,0.25000000000000006,0.8917322834645669,0.7943262411347518,0.6471736445555849,,,,,
stage1,weighted,0.9,0.30000000000000004,0.8641732283464567,0.875886524822695,0.6681476436622767,,,,,
stage1,weighted,0.9,0.3500000000000001,0.8326771653543307,0.925531914893617,0.6639145790326558,,,,,
stage1,weighted,0.9,0.40000000000000013,0.8070866141732284,0.9397163120567376,0.6435232280518437,,,,,
stage1,weighted,0.9,0.45000000000000007,0.7854330708661418,0.9680851063829787,0.6407485440844237,,,,,
stage1,weighted,0.9,0.5000000000000001,0.7618110236220472,0.9787234042553191,0.6235976657166463,,,,,
stage1,weighted,0.9,0.5500000000000002,0.7421259842519685,0.9822695035460993,0.6062222527194426,,,,,
stage1,weighted,0.9,0.6000000000000002,0.719488188976378,0.9893617021276596,0.5897094714929196,,,,,
stage1,weighted,0.9,0.6500000000000001,0.6929133858267716,0.9929078014184397,0.5678310044676417,,,,,
stage1,weighted,0.9,0.7000000000000002,0.6692913385826772,0.9964539007092199,0.5497475969654235,,,,,
stage1,weighted,0.9,0.7500000000000002,0.6505905511811023,0.9964539007092199,0.5337623949502247,,,,,
stage1,weighted,0.9,0.8000000000000002,0.6210629921259843,1.0,0.5124240006977091,,,,,
stage1,weighted,0.9,0.8500000000000002,0.5915354330708661,1.0,0.48921362854665856,,,,,
stage1,weighted,0.9,0.9000000000000002,0.562992125984252,1.0,0.467635426279103,,,,,
stage1,weighted,0.9500000000000001,0.1,0.9803149606299213,0.36524822695035464,0.4865499032414013,,,,,
stage1,weighted,0.9500000000000001,0.15000000000000002,0.9547244094488189,0.5815602836879432,0.6005410713572782,,,,,
stage1,weighted,0.9500000000000001,0.20000000000000004,0.9104330708661418,0.7163120567375887,0.6182235341020346,,,,,
stage1,weighted,0.9500000000000001,0.25000000000000006,0.8799212598425197,0.8014184397163121,0.6342838858771997,,,,,
stage1,weighted,0.9500000000000001,0.30000000000000004,0.8474409448818898,0.875886524822695,0.6451182608702668,,,,,
stage1,weighted,0.9500000000000001,0.3500000000000001,0.8218503937007874,0.925531914893617,0.6503785425960575,,,,,
stage1,weighted,0.9500000000000001,0.40000000000000013,0.8011811023622047,0.9468085106382979,0.6421009146480722,,,,,
stage1,weighted,0.9500000000000001,0.45000000000000007,0.7726377952755905,0.9680851063829787,0.6267605616547316,,,,,
stage1,weighted,0.9500000000000001,0.5000000000000001,0.7519685039370079,0.9787234042553191,0.6133994499447668,,,,,
stage1,weighted,0.9500000000000001,0.5500000000000002,0.735236220472441,0.9822695035460993,0.5993652179090145,,,,,
stage1,weighted,0.9500000000000001,0.6000000000000002,0.7116141732283464,0.9893617021276596,0.5822482005594559,,,,,
stage1,weighted,0.9500000000000001,0.6500000000000001,0.6850393700787402,0.9929078014184397,0.5607430825788313,,,,,
stage1,weighted,0.9500000000000001,0.7000000000000002,0.6633858267716536,0.9964539007092199,0.5446455483543085,,,,,
stage1,weighted,0.9500000000000001,0.7500000000000002,0.6427165354330708,0.9964539007092199,0.5271767876893072,,,,,
stage1,weighted,0.9500000000000001,0.8000000000000002,0.6181102362204725,1.0,0.5100586542422574,,,,,
stage1,weighted,0.9500000000000001,0.8500000000000002,0.5905511811023622,1.0,0.4884561860190397,,,,,
stage1,weighted,0.9500000000000001,0.9000000000000002,0.5610236220472441,1.0,0.4661754925550677,,,,,
stage1,weighted,1.0,0.1,0.9724409448818898,0.40070921985815605,0.49451424909998726,,,,,
stage1,weighted,1.0,0.15000000000000002,0.9429133858267716,0.6099290780141844,0.5970672602253382,,,,,
stage1,weighted,1.0,0.20000000000000004,0.9005905511811023,0.7375886524822695,0.6179262863961187,,,,,
stage1,weighted,1.0,0.25000000000000006,0.8651574803149606,0.8085106382978723,0.6179170074856356,,,,,
stage1,weighted,1.0,0.30000000000000004,0.8346456692913385,0.8794326241134752,0.6310100581063143,,,,,
stage1,weighted,1.0,0.3500000000000001,0.8090551181102362,0.9184397163120568,0.6293958378279684,,,,,
stage1,weighted,1.0,0.40000000000000013,0.7933070866141733,0.9468085106382979,0.6330531829221704,,,,,
stage1,weighted,1.0,0.45000000000000007,0.765748031496063,0.9680851063829787,0.6193995867793811,,,,,
stage1,weighted,1.0,0.5000000000000001,0.7470472440944882,0.975177304964539,0.6055826911033888,,,,,
stage1,weighted,1.0,0.5500000000000002,0.7263779527559056,0.9822695035460993,0.5906915283010824,,,,,
stage1,weighted,1.0,0.6000000000000002,0.7037401574803149,0.9893617021276596,0.5748999267375365,,,,,
stage1,weighted,1.0,0.6500000000000001,0.6811023622047244,0.9929078014184397,0.5572366197019386,,,,,
stage1,weighted,1.0,0.7000000000000002,0.65748031496063,0.9929078014184397,0.5366940521870579,,,,,
stage1,weighted,1.0,0.7500000000000002,0.6377952755905512,0.9964539007092199,0.5231022923529626,,,,,
stage1,weighted,1.0,0.8000000000000002,0.6190944881889764,1.0,0.5108459610471862,,,,,
stage1,weighted,1.0,0.8500000000000002,0.5905511811023622,1.0,0.4884561860190397,,,,,
stage1,weighted,1.0,0.9000000000000002,0.5580708661417323,1.0,0.4639920518152221,,,,,
stage1,logodds,0.0,0.1,0.9891732283464567,0.2624113475177305,0.4193875721475466,,,,,
stage1,logodds,0.0,0.15000000000000002,0.9822834645669292,0.375886524822695,0.5024764488844641,,,,,
stage1,logodds,0.0,0.20000000000000004,0.9744094488188977,0.49645390070921985,0.5814187570713859,,,,,
stage1,logodds,0.0,0.25000000000000006,0.9606299212598425,0.5957446808510638,0.625451715990414,,,,,
stage1,logodds,0.0,0.30000000000000004,0.9478346456692913,0.6773049645390071,0.6598317468239507,,,,,
stage1,logodds,0.0,0.3500000000000001,0.9350393700787402,0.7695035460992907,0.7036434055881614,,,,,
stage1,logodds,0.0,0.40000000000000013,0.922244094488189,0.8404255319148937,0.7328390005108815,,,,,
stage1,logodds,0.0,0.45000000000000007,0.9124015748031497,0.8865248226950354,0.7500134064628081,,,,,
stage1,logodds,0.0,0.5000000000000001,0.8976377952755905,0.9078014184397163,0.741910484488766,,,,,
stage1,logodds,0.0,0.5500000000000002,0.8848425196850394,0.9219858156028369,0.7329123837715594,,,,,
stage1,logodds,0.0,0.6000000000000002,0.8740157480314961,0.9290780141843972,0.7223745435094164,,,,,
stage1,logodds,0.0,0.6500000000000001,0.8612204724409449,0.9468085106382979,0.7177501004830534,,,,,
stage1,logodds,0.0,0.7000000000000002,0.8494094488188977,0.9716312056737588,0.7206311901681548,,,,,
stage1,logodds,0.0,0.7500000000000002,0.8248031496062992,0.9893617021276596,0.7029552191661879,,,,,
stage1,logodds,0.0,0.8000000000000002,0.8080708661417323,0.9893617021276596,0.6829872562644543,,,,,
stage1,logodds,0.0,0.8500000000000002,0.7765748031496063,1.0,0.6559297222768508,,,,,
stage1,logodds,0.0,0.9000000000000002,0.7312992125984252,1.0,0.6095728499320938,,,,,
stage1,logodds,0.05,0.1,0.9901574803149606,0.26595744680851063,0.42693959718358215,,,,,
stage1,logodds,0.05,0.15000000000000002,0.9822834645669292,0.375886524822695,0.5024764488844641,,,,,
stage1,logodds,0.05,0.20000000000000004,0.9744094488188977,0.5,0.5842990771606693,,,,,
stage1,logodds,0.05,0.25000000000000006,0.9596456692913385,0.6028368794326241,0.6286724968357806,,,,,
stage1,logodds,0.05,0.30000000000000004,0.9429133858267716,0.6985815602836879,0.6658132030145623,,,,,
stage1,logodds,0.05,0.3500000000000001,0.9340551181102362,0.7836879432624113,0.7123336821371534,,,,,
stage1,logodds,0.05,0.40000000000000013,0.9192913385826772,0.8581560283687943,0.7407820010096301,,,,,
stage1,logodds,0.05,0.45000000000000007,0.9084645669291339,0.8900709219858156,0.7461260817202265,,,,,
stage1,logodds,0.05,0.5000000000000001,0.8956692913385826,0.9078014184397163,0.73883804052107,,,,,
stage1,logodds,0.05,0.5500000000000002,0.8828740157480315,0.9184397163120568,0.7273344860458091,,,,,
stage1,logodds,0.05,0.6000000000000002,0.8690944881889764,0.9397163120567376,0.7233617814383957,,,,,
stage1,logodds,0.05,0.6500000000000001,0.8622047244094488,0.9645390070921985,0.7324480883971772,,,,,
stage1,logodds,0.05,0.7000000000000002,0.8474409448818898,0.9787234042553191,0.7234186062370134,,,,,
stage1,logodds,0.05,0.7500000000000002,0.8238188976377953,0.9893617021276596,0.7017558393785387,,,,,
stage1,logodds,0.05,0.8000000000000002,0.8021653543307087,0.9893617021276596,0.6761450958199877,,,,,
stage1,logodds,0.05,0.8500000000000002,0.7716535433070866,1.0,0.6506600946572445,,,,,
stage1,logodds,0.05,0.9000000000000002,0.735236220472441,1.0,0.6134260312190736,,,,,
stage1,logodds,0.1,0.1,0.9911417322834646,0.2765957446808511,0.44151847064895006,,,,,
stage1,logodds,0.1,0.15000000000000002,0.9822834645669292,0.38652482269503546,0.5119078287310538,,,,,
stage1,logodds,0.1,0.20000000000000004,0.9734251968503937,0.5106382978723404,0.5902197350327766,,,,,
stage1,logodds,0.1,0.25000000000000006,0.9566929133858267,0.6099290780141844,0.6273708389994755,,,,,
stage1,logodds,0.1,0.30000000000000004,0.9429133858267716,0.723404255319149,0.6845768305505894,,,,,
stage1,logodds,0.1,0.3500000000000001,0.9320866141732284,0.8049645390070922,0.7244181483493427,,,,,
stage1,logodds,0.1,0.40000000000000013,0.9192913385826772,0.8652482269503546,0.7460094454632941,,,,,
stage1,logodds,0.1,0.45000000000000007,0.906496062992126,0.8971631205673759,0.7481555385648027,,,,,
stage1,logodds,0.1,0.5000000000000001,0.8937007874015748,0.9148936170212766,0.7410604586562344,,,,,
stage1,logodds,0.1,0.5500000000000002,0.8769685039370079,0.925531914893617,0.7239783920315479,,,,,
stage1,logodds,0.1,0.6000000000000002,0.8671259842519685,0.9539007092198581,0.7312556648056264,,,,,
stage1,logodds,0.1,0.6500000000000001,0.8612204724409449,0.9716312056737588,0.73643542801742,,,,,
stage1,logodds,0.1,0.7000000000000002,0.8464566929133859,0.9822695035460993,0.7248205093824979,,,,,
stage1,logodds,0.1,0.7500000000000002,0.8238188976377953,0.9893617021276596,0.7017558393785387,,,,,
stage1,logodds,0.1,0.8000000000000002,0.7992125984251969,1.0,0.680985053823261,,,,,
stage1,logodds,0.1,0.8500000000000002,0.7716535433070866,1.0,0.6506600946572445,,,,,
stage1,logodds,0.1,0.9000000000000002,0.7283464566929134,1.0,0.6067034444532785,,,,,
stage1,logodds,0.15000000000000002,0.1,0.9921259842519685,0.2765957446808511,0.4455266196100281,,,,,
stage1,logodds,0.15000000000000002,0.15000000000000002,0.9832677165354331,0.38652482269503546,0.5150868640999443,,,,,
stage1,logodds,0.15000000000000002,0.20000000000000004,0.9714566929133859,0.5177304964539007,0.5906600271841814,,,,,
stage1,logodds,0.15000000000000002,0.25000000000000006,0.9557086614173228,0.6347517730496454,0.6443711087953161,,,,,
stage1,logodds,0.15000000000000002,0.30000000000000004,0.9419291338582677,0.7375886524822695,0.6932458423927903,,,,,
stage1,logodds,0.15000000000000002,0.3500000000000001,0.9281496062992126,0.8156028368794326,0.7250483338449225,,,,,
stage1,logodds,0.15000000000000002,0.40000000000000013,0.9173228346456693,0.8687943262411347,0.7452446167994945,,,,,
stage1,logodds,0.15000000000000002,0.45000000000000007,0.9015748031496063,0.900709219858156,0.7428684662837979,,,,,
stage1,logodds,0.15000000000000002,0.5000000000000001,0.889763779527559,0.9148936170212766,0.7350342323869161,,,,,
stage1,logodds,0.15000000000000002,0.5500000000000002,0.8759842519685039,0.9326241134751773,0.7278684515023592,,,,,
stage1,logodds,0.15000000000000002,0.6000000000000002,0.8661417322834646,0.9574468085106383,0.73254829096247,,,,,
stage1,logodds,0.15000000000000002,0.6500000000000001,0.8553149606299213,0.975177304964539,0.7311369315807976,,,,,
stage1,logodds,0.15000000000000002,0.7000000000000002,0.8395669291338582,0.9822695035460993,0.7159567961635812,,,,,
stage1,logodds,0.15000000000000002,0.7500000000000002,0.8218503937007874,0.9893617021276596,0.6993666210106041,,,,,
stage1,logodds,0.15000000000000002,0.8000000000000002,0.7962598425196851,1.0,0.6776376558447104,,,,,
stage1,logodds,0.15000000000000002,0.8500000000000002,0.7677165354330708,1.0,0.6464874844514523,,,,,
stage1,logodds,0.15000000000000002,0.9000000000000002,0.7312992125984252,1.0,0.6095728499320938,,,,,
stage1,logodds,0.2,0.1,0.9931102362204725,0.28368794326241137,0.4564602246550076,,,,,
stage1,logodds,0.2,0.15000000000000002,0.9822834645669292,0.39361702127659576,0.5181341106771056,,,,,
stage1,logodds,0.2,0.20000000000000004,0.9714566929133859,0.524822695035461,0.5963595887807561,,,,,
stage1,logodds,0.2,0.25000000000000006,0.9537401574803149,0.6453900709219859,0.6481657018667445,,,,,
stage1,logodds,0.2,0.30000000000000004,0.9409448818897638,0.7553191489361702,0.7045342521103503,,,,,
stage1,logodds,0.2,0.3500000000000001,0.9271653543307087,0.8262411347517731,0.7311302444525863,,,,,
stage1,logodds,0.2,0.40000000000000013,0.9153543307086615,0.875886524822695,0.7471268402722677,,,,,
stage1,logodds,0.2,0.45000000000000007,0.8966535433070866,0.9113475177304965,0.743003961949874,,,,,
stage1,logodds,0.2,0.5000000000000001,0.8848425196850394,0.9219858156028369,0.7329123837715594,,,,,
stage1,logodds,0.2,0.5500000000000002,0.8740157480314961,0.9468085106382979,0.7356634309763327,,,,,
stage1,logodds,0.2,0.6000000000000002,0.8641732283464567,0.9680851063829787,0.7378139128790476,,,,,
stage1,logodds,0.2,0.6500000000000001,0.8494094488188977,0.975177304964539,0.7233129677301403,,,,,
stage1,logodds,0.2,0.7000000000000002,0.8336614173228346,0.9893617021276596,0.7138960407501925,,,,,
stage1,logodds,0.2,0.7500000000000002,0.8179133858267716,0.9929078014184397,0.6973447241328103,,,,,
stage1,logodds,0.2,0.8000000000000002,0.7933070866141733,1.0,0.6743147657461207,,,,,
stage1,logodds,0.2,0.8500000000000002,0.765748031496063,1.0,0.6444152759283318,,,,,
stage1,logodds,0.2,0.9000000000000002,0.7293307086614174,1.0,0.6076579813829943,,,,,
stage1,logodds,0.25,0.1,0.9931102362204725,0.2872340425531915,0.45986365249369776,,,,,
stage1,logodds,0.25,0.15000000000000002,0.9822834645669292,0.3971631205673759,0.52122946617694,,,,,
stage1,logodds,0.25,0.20000000000000004,0.9704724409448819,0.5460992907801419,0.6107318058244947,,,,,
stage1,logodds,0.25,0.25000000000000006,0.9517716535433071,0.6595744680851063,0.6547236157638802,,,,,
stage1,logodds,0.25,0.30000000000000004,0.937992125984252,0.7659574468085106,0.706681568342695,,,,,
stage1,logodds,0.25,0.3500000000000001,0.9261811023622047,0.8475177304964538,0.7450423788268437,,,,,
stage1,logodds,0.25,0.40000000000000013,0.9163385826771654,0.8829787234042553,0.7540130697088618,,,,,
stage1,logodds,0.25,0.45000000000000007,0.8946850393700787,0.9113475177304965,0.7399457196779932,,,,,
stage1,logodds,0.25,0.5000000000000001,0.8818897637795275,0.9361702127659575,0.7391249174038839,,,,,
stage1,logodds,0.25,0.5500000000000002,0.8720472440944882,0.950354609929078,0.7355169713411338,,,,,
stage1,logodds,0.25,0.6000000000000002,0.859251968503937,0.9680851063829787,0.73109352366484,,,,,
stage1,logodds,0.25,0.6500000000000001,0.8415354330708661,0.9787234042553191,0.7157807790024806,,,,,
stage1,logodds,0.25,0.7000000000000002,0.8316929133858267,0.9929078014184397,0.7141429265752396,,,,,
stage1,logodds,0.25,0.7500000000000002,0.8139763779527559,1.0,0.6981037990071922,,,,,
stage1,logodds,0.25,0.8000000000000002,0.7834645669291339,1.0,0.6634105527514793,,,,,
stage1,logodds,0.25,0.8500000000000002,0.7627952755905512,1.0,0.6413243165506137,,,,,
stage1,logodds,0.25,0.9000000000000002,0.7253937007874016,1.0,0.6038513109560992,,,,,
stage1,logodds,0.30000000000000004,0.1,0.9931102362204725,0.29432624113475175,0.46661486286214354,,,,,
stage1,logodds,0.30000000000000004,0.15000000000000002,0.9832677165354331,0.3971631205673759,0.5243786610546254,,,,,
stage1,logodds,0.30000000000000004,0.20000000000000004,0.96751968503937,0.5602836879432624,0.6144026431676091,,,,,
stage1,logodds,0.30000000000000004,0.25000000000000006,0.9507874015748031,0.6879432624113475,0.6741770364344273,,,,,
stage1,logodds,0.30000000000000004,0.30000000000000004,0.937007874015748,0.776595744680851,0.7126925400422724,,,,,
stage1,logodds,0.30000000000000004,0.3500000000000001,0.9232283464566929,0.8546099290780141,0.7450304629335129,,,,,
stage1,logodds,0.30000000000000004,0.40000000000000013,0.9114173228346457,0.8936170212765957,0.7536050802003961,,,,,
stage1,logodds,0.30000000000000004,0.45000000000000007,0.8946850393700787,0.9290780141843972,0.7531000521108063,,,,,
stage1,logodds,0.30000000000000004,0.5000000000000001,0.8799212598425197,0.9397163120567376,0.7388879690798831,,,,,
stage1,logodds,0.30000000000000004,0.5500000000000002,0.8661417322834646,0.9574468085106383,0.73254829096247,,,,,
stage1,logodds,0.30000000000000004,0.6000000000000002,0.8513779527559056,0.9716312056737588,0.7232267638111957,,,,,
stage1,logodds,0.30000000000000004,0.6500000000000001,0.8385826771653543,0.9822695035460993,0.7147047339579083,,,,,
stage1,logodds,0.30000000000000004,0.7000000000000002,0.8267716535433071,0.9929078014184397,0.7080712986351366,,,,,
stage1,logodds,0.30000000000000004,0.7500000000000002,0.8061023622047244,1.0,0.688893194393208,,,,,
stage1,logodds,0.30000000000000004,0.8000000000000002,0.7795275590551181,1.0,0.6591208236619961,,,,,
stage1,logodds,0.30000000000000004,0.8500000000000002,0.7588582677165354,1.0,0.6372349417289288,,,,,
stage1,logodds,0.30000000000000004,0.9000000000000002,0.7224409448818898,1.0,0.6010161998157328,,,,,
stage1,logodds,0.35000000000000003,0.1,0.9931102362204725,0.2978723404255319,0.46996342712152483,,,,,
stage1,logodds,0.35000000000000003,0.15000000000000002,0.9812992125984252,0.40425531914893614,0.5242862126850837,,,,,
stage1,logodds,0.35000000000000003,0.20000000000000004,0.9665354330708661,0.5673758865248227,0.617525839879036,,,,,
stage1,logodds,0.35000000000000003,0.25000000000000006,0.9498031496062992,0.7021276595744681,0.682787396717058,,,,,
stage1,logodds,0.35000000000000003,0.30000000000000004,0.9360236220472441,0.7872340425531915,0.7187004663765283,,,,,
stage1,logodds,0.35000000000000003,0.3500000000000001,0.9163385826771654,0.8546099290780141,0.7330858722778058,,,,,
stage1,logodds,0.35000000000000003,0.40000000000000013,0.9045275590551181,0.8971631205673759,0.7449721747723728,,,,,
stage1,logodds,0.35000000000000003,0.45000000000000007,0.8917322834645669,0.9361702127659575,0.7538393670665432,,,,,
stage1,logodds,0.35000000000000003,0.5000000000000001,0.875,0.9432624113475178,0.7344182235354428,,,,,
stage1,logodds,0.35000000000000003,0.5500000000000002,0.8641732283464567,0.9609929078014184,0.7324875886827663,,,,,
stage1,logodds,0.35000000000000003,0.6000000000000002,0.8464566929133859,0.975177304964539,0.7194516710900561,,,,,
stage1,logodds,0.35000000000000003,0.6500000000000001,0.8346456692913385,0.9858156028368794,0.7124301122049994,,,,,
stage1,logodds,0.35000000000000003,0.7000000000000002,0.8179133858267716,1.0,0.7027806118865084,,,,,
stage1,logodds,0.35000000000000003,0.7500000000000002,0.7982283464566929,1.0,0.6798665071601079,,,,,
stage1,logodds,0.35000000000000003,0.8000000000000002,0.7755905511811023,1.0,0.6548709428807715,,,,,
stage1,logodds,0.35000000000000003,0.8500000000000002,0.7519685039370079,1.0,0.6301642347461901,,,,,
stage1,logodds,0.35000000000000003,0.9000000000000002,0.7125984251968503,1.0,0.5916856506989603,,,,,
stage1,logodds,0.4,0.1,0.9931102362204725,0.3049645390070922,0.47660833768778466,,,,,
stage1,logodds,0.4,0.15000000000000002,0.9803149606299213,0.40425531914893614,0.5212165977058584,,,,,
stage1,logodds,0.4,0.20000000000000004,0.9625984251968503,0.5815602836879432,0.6190361772614331,,,,,
stage1,logodds,0.4,0.25000000000000006,0.9478346456692913,0.7056737588652482,0.681328369564784,,,,,
stage1,logodds,0.4,0.30000000000000004,0.9350393700787402,0.8014184397163121,0.7273255835502843,,,,,
stage1,logodds,0.4,0.3500000000000001,0.9143700787401575,0.8652482269503546,0.7376089914828209,,,,,
stage1,logodds,0.4,0.40000000000000013,0.8996062992125984,0.9184397163120568,0.7528799739656178,,,,,
stage1,logodds,0.4,0.45000000000000007,0.8858267716535433,0.9397163120567376,0.747590881811468,,,,,
stage1,logodds,0.4,0.5000000000000001,0.8720472440944882,0.950354609929078,0.7355169713411338,,,,,
stage1,logodds,0.4,0.5500000000000002,0.859251968503937,0.9645390070921985,0.7284236505152064,,,,,
stage1,logodds,0.4,0.6000000000000002,0.8415354330708661,0.9787234042553191,0.7157807790024806,,,,,
stage1,logodds,0.4,0.6500000000000001,0.8267716535433071,0.9822695035460993,0.6999460515866888,,,,,
stage1,logodds,0.4,0.7000000000000002,0.812992125984252,1.0,0.6969421399633494,,,,,
stage1,logodds,0.4,0.7500000000000002,0.7923228346456693,1.0,0.6732125147382213,,,,,
stage1,logodds,0.4,0.8000000000000002,0.7677165354330708,1.0,0.6464874844514523,,,,,
stage1,logodds,0.4,0.8500000000000002,0.7450787401574803,1.0,0.6231993725132766,,,,,
stage1,logodds,0.4,0.9000000000000002,0.7037401574803149,1.0,0.5834403266551719,,,,,
stage1,logodds,0.45,0.1,0.9950787401574803,0.3120567375886525,0.49109599892098166,,,,,
stage1,logodds,0.45,0.15000000000000002,0.9803149606299213,0.40425531914893614,0.5212165977058584,,,,,
stage1,logodds,0.45,0.20000000000000004,0.9596456692913385,0.6099290780141844,0.6341871871474896,,,,,
stage1,logodds,0.45,0.25000000000000006,0.9478346456692913,0.7127659574468085,0.6866623987930477,,,,,
stage1,logodds,0.45,0.30000000000000004,0.9291338582677166,0.8120567375886525,0.7242199457960712,,,,,
stage1,logodds,0.45,0.3500000000000001,0.9104330708661418,0.8794326241134752,0.741507430965969,,,,,
stage1,logodds,0.45,0.40000000000000013,0.8956692913385826,0.9290780141843972,0.7546175996886225,,,,,
stage1,logodds,0.45,0.45000000000000007,0.8799212598425197,0.9397163120567376,0.7388879690798831,,,,,
stage1,logodds,0.45,0.5000000000000001,0.8690944881889764,0.950354609929078,0.7313495220172118,,,,,
stage1,logodds,0.45,0.5500000000000002,0.8543307086614174,0.9680851063829787,0.7244726865908535,,,,,
stage1,logodds,0.45,0.6000000000000002,0.8356299212598425,0.9787234042553191,0.7082708398485906,,,,,
stage1,logodds,0.45,0.6500000000000001,0.8218503937007874,0.9893617021276596,0.6993666210106041,,,,,
stage1,logodds,0.45,0.7000000000000002,0.8061023622047244,1.0,0.688893194393208,,,,,
stage1,logodds,0.45,0.7500000000000002,0.7864173228346457,1.0,0.6666545031212223,,,,,
stage1,logodds,0.45,0.8000000000000002,0.7618110236220472,1.0,0.6402985775697299,,,,,
stage1,logodds,0.45,0.8500000000000002,0.7322834645669292,1.0,0.6105332004263792,,,,,
stage1,logodds,0.45,0.9000000000000002,0.6889763779527559,1.0,0.5700016701593162,,,,,
stage1,logodds,0.5,0.1,0.9940944881889764,0.31560283687943264,0.4903591076905564,,,,,
stage1,logodds,0.5,0.15000000000000002,0.9783464566929134,0.44680851063829785,0.5516185823580988,,,,,
stage1,logodds,0.5,0.20000000000000004,0.9596456692913385,0.624113475177305,0.6451525096084701,,,,,
stage1,logodds,0.5,0.25000000000000006,0.9478346456692913,0.7269503546099291,0.697284972519091,,,,,
stage1,logodds,0.5,0.30000000000000004,0.922244094488189,0.8262411347517731,0.722335381378472,,,,,
stage1,logodds,0.5,0.3500000000000001,0.9025590551181102,0.8936170212765957,0.7391830235567287,,,,,
stage1,logodds,0.5,0.40000000000000013,0.8887795275590551,0.9326241134751773,0.7467386817446544,,,,,
stage1,logodds,0.5,0.45000000000000007,0.8759842519685039,0.9432624113475178,0.7358324853081287,,,,,
stage1,logodds,0.5,0.5000000000000001,0.8641732283464567,0.9539007092198581,0.7271565299808089,,,,,
stage1,logodds,0.5,0.5500000000000002,0.8474409448818898,0.975177304964539,0.7207350751963777,,,,,
stage1,logodds,0.5,0.6000000000000002,0.8316929133858267,0.9822695035460993,0.7060367236768886,,,,,
stage1,logodds,0.5,0.6500000000000001,0.812992125984252,0.9964539007092199,0.6942183601779995,,,,,
stage1,logodds,0.5,0.7000000000000002,0.7992125984251969,1.0,0.680985053823261,,,,,
stage1,logodds,0.5,0.7500000000000002,0.780511811023622,1.0,0.6601894878132577,,,,,
stage1,logodds,0.5,0.8000000000000002,0.7509842519685039,1.0,0.6291628602960617,,,,,
stage1,logodds,0.5,0.8500000000000002,0.7214566929133859,1.0,0.6000749029965569,,,,,
stage1,logodds,0.5,0.9000000000000002,0.6820866141732284,1.0,0.5638539538897533,,,,,
stage1,logodds,0.55,0.1,0.9940944881889764,0.31560283687943264,0.4903591076905564,,,,,
stage1,logodds,0.55,0.15000000000000002,0.9783464566929134,0.450354609929078,0.5545910078431587,,,,,
stage1,logodds,0.55,0.20000000000000004,0.9566929133858267,0.6418439716312057,0.6520354485046514,,,,,
stage1,logodds,0.55,0.25000000000000006,0.9429133858267716,0.7375886524822695,0.6952166610662595,,,,,
stage1,logodds,0.55,0.30000000000000004,0.9183070866141733,0.8475177304964538,0.7312198952836039,,,,,
stage1,logodds,0.55,0.3500000000000001,0.8986220472440944,0.900709219858156,0.7381919243080993,,,,,
stage1,logodds,0.55,0.40000000000000013,0.8838582677165354,0.9361702127659575,0.7420290807974629,,,,,
stage1,logodds,0.55,0.45000000000000007,0.8720472440944882,0.9539007092198581,0.738172387615438,,,,,
stage1,logodds,0.55,0.5000000000000001,0.8562992125984252,0.9539007092198581,0.716405984261886,,,,,
stage1,logodds,0.55,0.5500000000000002,0.8395669291338582,0.9716312056737588,0.7078741568340547,,,,,
stage1,logodds,0.55,0.6000000000000002,0.8228346456692913,0.9858156028368794,0.6978462521951313,,,,,
stage1,logodds,0.55,0.6500000000000001,0.8051181102362205,0.9964539007092199,0.6850215667971845,,,,,
stage1,logodds,0.55,0.7000000000000002,0.7923228346456693,1.0,0.6732125147382213,,,,,
stage1,logodds,0.55,0.7500000000000002,0.7677165354330708,1.0,0.6464874844514523,,,,,
stage1,logodds,0.55,0.8000000000000002,0.7401574803149606,1.0,0.6182872618651059,,,,,
stage1,logodds,0.55,0.8500000000000002,0.7066929133858267,1.0,0.586173155503064,,,,,
stage1,logodds,0.55,0.9000000000000002,0.6732283464566929,1.0,0.5560598849079911,,,,,
stage1,logodds,0.6000000000000001,0.1,0.9950787401574803,0.32978723404255317,0.5070747367612448,,,,,
stage1,logodds,0.6000000000000001,0.15000000000000002,0.9763779527559056,0.46808510638297873,0.5636528770269922,,,,,
stage1,logodds,0.6000000000000001,0.20000000000000004,0.9547244094488189,0.6418439716312057,0.6476255521588247,,,,,
stage1,logodds,0.6000000000000001,0.25000000000000006,0.937992125984252,0.7553191489361702,0.698746558896069,,,,,
stage1,logodds,0.6000000000000001,0.30000000000000004,0.9114173228346457,0.8581560283687943,0.727384133657396,,,,,
stage1,logodds,0.6000000000000001,0.3500000000000001,0.8917322834645669,0.9078014184397163,0.7327565075932161,,,,,
stage1,logodds,0.6000000000000001,0.40000000000000013,0.8759842519685039,0.9397163120567376,0.7331792216193365,,,,,
stage1,logodds,0.6000000000000001,0.45000000000000007,0.8641732283464567,0.9539007092198581,0.7271565299808089,,,,,
stage1,logodds,0.6000000000000001,0.5000000000000001,0.8474409448818898,0.9609929078014184,0.7099910222636221,,,,,
stage1,logodds,0.6000000000000001,0.5500000000000002,0.8336614173228346,0.9716312056737588,0.700390438085161,,,,,
stage1,logodds,0.6000000000000001,0.6000000000000002,0.8149606299212598,0.9893617021276596,0.6911026894369002,,,,,
stage1,logodds,0.6000000000000001,0.6500000000000001,0.8001968503937008,0.9964539007092199,0.6793670742305858,,,,,
stage1,logodds,0.6000000000000001,0.7000000000000002,0.7795275590551181,0.9964539007092199,0.6563575275081875,,,,,
stage1,logodds,0.6000000000000001,0.7500000000000002,0.7559055118110236,1.0,0.6341914393588534,,,,,
stage1,logodds,0.6000000000000001,0.8000000000000002,0.7283464566929134,1.0,0.6067034444532785,,,,,
stage1,logodds,0.6000000000000001,0.8500000000000002,0.7017716535433071,1.0,0.5816269640394944,,,,,
stage1,logodds,0.6000000000000001,0.9000000000000002,0.6584645669291339,1.0,0.5433321906845271,,,,,
stage1,logodds,0.65,0.1,0.9921259842519685,0.3404255319148936,0.5051397061846269,,,,,
stage1,logodds,0.65,0.15000000000000002,0.9734251968503937,0.48226950354609927,0.5670921728098415,,,,,
stage1,logodds,0.65,0.20000000000000004,0.952755905511811,0.648936170212766,0.6487203180795202,,,,,
stage1,logodds,0.65,0.25000000000000006,0.9320866141732284,0.7659574468085106,0.6953878397102302,,,,,
stage1,logodds,0.65,0.30000000000000004,0.9035433070866141,0.8687943262411347,0.7223203647727662,,,,,
stage1,logodds,0.65,0.3500000000000001,0.8838582677165354,0.9113475177304965,0.723493202031405,,,,,
stage1,logodds,0.65,0.40000000000000013,0.8710629921259843,0.9432624113475178,0.7288056694535161,,,,,
stage1,logodds,0.65,0.45000000000000007,0.8553149606299213,0.9539007092198581,0.7150801691754759,,,,,
stage1,logodds,0.65,0.5000000000000001,0.8405511811023622,0.9645390070921985,0.7037431911106206,,,,,
stage1,logodds,0.65,0.5500000000000002,0.8257874015748031,0.975177304964539,0.6933146691488165,,,,,
stage1,logodds,0.65,0.6000000000000002,0.8070866141732284,0.9929078014184397,0.6845717580472799,,,,,
stage1,logodds,0.65,0.6500000000000001,0.7903543307086615,0.9964539007092199,0.668265135826467,,,,,
stage1,logodds,0.65,0.7000000000000002,0.7677165354330708,0.9964539007092199,0.6437108828372747,,,,,
stage1,logodds,0.65,0.7500000000000002,0.7450787401574803,1.0,0.6231993725132766,,,,,
stage1,logodds,0.65,0.8000000000000002,0.7135826771653543,1.0,0.5926105687078199,,,,,
stage1,logodds,0.65,0.8500000000000002,0.687992125984252,1.0,0.5691187275862692,,,,,
stage1,logodds,0.65,0.9000000000000002,0.6437007874015748,1.0,0.5309133435262575,,,,,
stage1,logodds,0.7000000000000001,0.1,0.9911417322834646,0.3404255319148936,0.5014506315823988,,,,,
stage1,logodds,0.7000000000000001,0.15000000000000002,0.969488188976378,0.4929078014184397,0.5652056012744071,,,,,
stage1,logodds,0.7000000000000001,0.20000000000000004,0.9498031496062992,0.6702127659574468,0.6586061643204558,,,,,
stage1,logodds,0.7000000000000001,0.25000000000000006,0.9261811023622047,0.7836879432624113,0.6977019402018213,,,,,
stage1,logodds,0.7000000000000001,0.30000000000000004,0.9005905511811023,0.8723404255319149,0.7202066467127554,,,,,
stage1,logodds,0.7000000000000001,0.3500000000000001,0.8838582677165354,0.9113475177304965,0.723493202031405,,,,,
stage1,logodds,0.7000000000000001,0.40000000000000013,0.8631889763779528,0.9468085106382979,0.7204596050177323,,,,,
stage1,logodds,0.7000000000000001,0.45000000000000007,0.8494094488188977,0.9539007092198581,0.7072067355566944,,,,,
stage1,logodds,0.7000000000000001,0.5000000000000001,0.8326771653543307,0.9680851063829787,0.6964502372034461,,,,,
stage1,logodds,0.7000000000000001,0.5500000000000002,0.8139763779527559,0.9787234042553191,0.6817594552778427,,,,,
stage1,logodds,0.7000000000000001,0.6000000000000002,0.797244094488189,0.9929078014184397,0.6732647013107484,,,,,
stage1,logodds,0.7000000000000001,0.6500000000000001,0.7795275590551181,0.9964539007092199,0.6563575275081875,,,,,
stage1,logodds,0.7000000000000001,0.7000000000000002,0.7509842519685039,0.9964539007092199,0.626367712259555,,,,,
stage1,logodds,0.7000000000000001,0.7500000000000002,0.7312992125984252,1.0,0.6095728499320938,,,,,
stage1,logodds,0.7000000000000001,0.8000000000000002,0.6998031496062992,1.0,0.5798203448907198,,,,,
stage1,logodds,0.7000000000000001,0.8500000000000002,0.6712598425196851,1.0,0.55434422997749,,,,,
stage1,logodds,0.7000000000000001,0.9000000000000002,0.6338582677165354,1.0,0.522795402493746,,,,,
stage1,logodds,0.75,0.1,0.9901574803149606,0.3546099290780142,0.5104968313752639,,,,,
stage1,logodds,0.75,0.15000000000000002,0.969488188976378,0.5177304964539007,0.5854716958735556,,,,,
stage1,logodds,0.75,0.20000000000000004,0.9419291338582677,0.6737588652482269,0.6448291753968846,,,,,
stage1,logodds,0.75,0.25000000000000006,0.9183070866141733,0.7943262411347518,0.6915626380609662,,,,,
stage1,logodds,0.75,0.30000000000000004,0.8946850393700787,0.875886524822695,0.7135045690025594,,,,,
stage1,logodds,0.75,0.3500000000000001,0.875,0.925531914893617,0.721129894822195,,,,,
stage1,logodds,0.75,0.40000000000000013,0.8582677165354331,0.9468085106382979,0.7137164225937825,,,,,
stage1,logodds,0.75,0.45000000000000007,0.8385826771653543,0.9609929078014184,0.6985233148220061,,,,,
stage1,logodds,0.75,0.5000000000000001,0.8208661417322834,0.975177304964539,0.6873090803991437,,,,,
stage1,logodds,0.75,0.5500000000000002,0.8051181102362205,0.9787234042553191,0.671346752855341,,,,,
stage1,logodds,0.75,0.6000000000000002,0.7834645669291339,0.9893617021276596,0.6551332192683831,,,,,
stage1,logodds,0.75,0.6500000000000001,0.7608267716535433,0.9964539007092199,0.6364908386722025,,,,,
stage1,logodds,0.75,0.7000000000000002,0.7381889763779528,0.9964539007092199,0.6135275209477211,,,,,
stage1,logodds,0.75,0.7500000000000002,0.7145669291338582,1.0,0.5935372718157845,,,,,
stage1,logodds,0.75,0.8000000000000002,0.6840551181102362,1.0,0.565602664105813,,,,,
stage1,logodds,0.75,0.8500000000000002,0.656496062992126,1.0,0.5416589674570079,,,,,
stage1,logodds,0.75,0.9000000000000002,0.6151574803149606,1.0,0.5077035226757086,,,,,
stage1,logodds,0.8,0.1,0.9862204724409449,0.36524822695035464,0.5061044812483447,,,,,
stage1,logodds,0.8,0.15000000000000002,0.968503937007874,0.5283687943262412,0.5914944816158693,,,,,
stage1,logodds,0.8,0.20000000000000004,0.9360236220472441,0.6843971631205674,0.6411080417570039,,,,,
stage1,logodds,0.8,0.25000000000000006,0.9114173228346457,0.8014184397163121,0.6849543100594945,,,,,
stage1,logodds,0.8,0.30000000000000004,0.8887795275590551,0.8723404255319149,0.7016887199011904,,,,,
stage1,logodds,0.8,0.3500000000000001,0.8641732283464567,0.925531914893617,0.7057811920939007,,,,,
stage1,logodds,0.8,0.40000000000000013,0.8454724409448819,0.9468085106382979,0.6966457276624615,,,,,
stage1,logodds,0.8,0.45000000000000007,0.8248031496062992,0.9609929078014184,0.6812464277717181,,,,,
stage1,logodds,0.8,0.5000000000000001,0.8139763779527559,0.975177304964539,0.67903315533592,,,,,
stage1,logodds,0.8,0.5500000000000002,0.7893700787401575,0.9787234042553191,0.6534039687302304,,,,,
stage1,logodds,0.8,0.6000000000000002,0.7716535433070866,0.9893617021276596,0.6423429308704615,,,,,
stage1,logodds,0.8,0.6500000000000001,0.7450787401574803,0.9964539007092199,0.6203977270410657,,,,,
stage1,logodds,0.8,0.7000000000000002,0.7244094488188977,0.9964539007092199,0.6000800367583211,,,,,
stage1,logodds,0.8,0.7500000000000002,0.6988188976377953,0.9964539007092199,0.5760667324196813,,,,,
stage1,logodds,0.8,0.8000000000000002,0.6702755905511811,1.0,0.553488592125749,,,,,
stage1,logodds,0.8,0.8500000000000002,0.6476377952755905,1.0,0.5341960347506401,,,,,
stage1,logodds,0.8,0.9000000000000002,0.5974409448818898,1.0,0.4937794618614066,,,,,
stage1,logodds,0.8500000000000001,0.1,0.9862204724409449,0.36524822695035464,0.5061044812483447,,,,,
stage1,logodds,0.8500000000000001,0.15000000000000002,0.9625984251968503,0.5531914893617021,0.5965664867905496,,,,,
stage1,logodds,0.8500000000000001,0.20000000000000004,0.9311023622047244,0.6950354609929078,0.6396769183710619,,,,,
stage1,logodds,0.8500000000000001,0.25000000000000006,0.9025590551181102,0.8049645390070922,0.6727758640788601,,,,,
stage1,logodds,0.8500000000000001,0.30000000000000004,0.8799212598425197,0.8829787234042553,0.696325326729401,,,,,
stage1,logodds,0.8500000000000001,0.3500000000000001,0.8513779527559056,0.9290780141843972,0.690992211557563,,,,,
stage1,logodds,0.8500000000000001,0.40000000000000013,0.8336614173228346,0.9432624113475178,0.6787343415314155,,,,,
stage1,logodds,0.8500000000000001,0.45000000000000007,0.8159448818897638,0.9645390070921985,0.6732060768562971,,,,,
stage1,logodds,0.8500000000000001,0.5000000000000001,0.7992125984251969,0.9787234042553191,0.6645352281800382,,,,,
stage1,logodds,0.8500000000000001,0.5500000000000002,0.7746062992125984,0.9787234042553191,0.637197725982837,,,,,
stage1,logodds,0.8500000000000001,0.6000000000000002,0.7549212598425197,0.9893617021276596,0.6248088344172577,,,,,
stage1,logodds,0.8500000000000001,0.6500000000000001,0.7263779527559056,0.9929078014184397,0.5991559931316344,,,,,
stage1,logodds,0.8500000000000001,0.7000000000000002,0.7096456692913385,0.9964539007092199,0.5860808276964108,,,,,
stage1,logodds,0.8500000000000001,0.7500000000000002,0.6840551181102362,0.9964539007092199,0.5627330570671287,,,,,
stage1,logodds,0.8500000000000001,0.8000000000000002,0.6594488188976378,1.0,0.5441708572329816,,,,,
stage1,logodds,0.8500000000000001,0.8500000000000002,0.625,1.0,0.5155939333161302,,,,,
stage1,logodds,0.8500000000000001,0.9000000000000002,0.5885826771653543,1.0,0.4869442839361016,,,,,
stage1,logodds,0.9,0.1,0.9803149606299213,0.36879432624113473,0.489765195120051,,,,,
stage1,logodds,0.9,0.15000000000000002,0.9596456692913385,0.5815602836879432,0.6119937143007077,,,,,
stage1,logodds,0.9,0.20000000000000004,0.9212598425196851,0.7056737588652482,0.6293667015319958,,,,,
stage1,logodds,0.9,0.25000000000000006,0.8917322834645669,0.7943262411347518,0.6471736445555849,,,,,
stage1,logodds,0.9,0.30000000000000004,0.8661417322834646,0.8794326241134752,0.6736334747941329,,,,,
stage1,logodds,0.9,0.3500000000000001,0.8395669291338582,0.925531914893617,0.6727447376667995,,,,,
stage1,logodds,0.9,0.40000000000000013,0.8218503937007874,0.9397163120567376,0.6612902669093148,,,,,
stage1,logodds,0.9,0.45000000000000007,0.7992125984251969,0.9716312056737588,0.6590478075598548,,,,,
stage1,logodds,0.9,0.5000000000000001,0.780511811023622,0.9787234042553191,0.6436119354155437,,,,,
stage1,logodds,0.9,0.5500000000000002,0.7608267716535433,0.9822695035460993,0.6253526898247799,,,,,
stage1,logodds,0.9,0.6000000000000002,0.7381889763779528,0.9893617021276596,0.6079094841331548,,,,,
stage1,logodds,0.9,0.6500000000000001,0.7145669291338582,0.9929078014184397,0.5878671913706123,,,,,
stage1,logodds,0.9,0.7000000000000002,0.6909448818897638,0.9964539007092199,0.5689105944360348,,,,,
stage1,logodds,0.9,0.7500000000000002,0.672244094488189,0.9964539007092199,0.5523179946368981,,,,,
stage1,logodds,0.9,0.8000000000000002,0.640748031496063,1.0,0.5284647866503032,,,,,
stage1,logodds,0.9,0.8500000000000002,0.609251968503937,1.0,0.5030233411726752,,,,,
stage1,logodds,0.9,0.9000000000000002,0.5757874015748031,1.0,0.4772114641838769,,,,,
stage1,logodds,0.9500000000000001,0.1,0.9783464566929134,0.37943262411347517,0.49315590916702634,,,,,
stage1,logodds,0.9500000000000001,0.15000000000000002,0.9498031496062992,0.6028368794326241,0.6063309794641792,,,,,
stage1,logodds,0.9500000000000001,0.20000000000000004,0.9114173228346457,0.7163120567375887,0.6199454079196874,,,,,
stage1,logodds,0.9500000000000001,0.25000000000000006,0.8809055118110236,0.8049645390070922,0.6385013544952591,,,,,
stage1,logodds,0.9500000000000001,0.30000000000000004,0.8503937007874016,0.8794326241134752,0.6518126256004751,,,,,
stage1,logodds,0.9500000000000001,0.3500000000000001,0.8267716535433071,0.925531914893617,0.6564811127392866,,,,,
stage1,logodds,0.9500000000000001,0.40000000000000013,0.8061023622047244,0.9468085106382979,0.6478477598727742,,,,,
stage1,logodds,0.9500000000000001,0.45000000000000007,0.7854330708661418,0.9716312056737588,0.6435082062213344,,,,,
stage1,logodds,0.9500000000000001,0.5000000000000001,0.7627952755905512,0.9787234042553191,0.6246298227049399,,,,,
stage1,logodds,0.9500000000000001,0.5500000000000002,0.7460629921259843,0.9822695035460993,0.6101855731627719,,,,,
stage1,logodds,0.9500000000000001,0.6000000000000002,0.7234251968503937,0.9893617021276596,0.5934838734299599,,,,,
stage1,logodds,0.9500000000000001,0.6500000000000001,0.6958661417322834,0.9929078014184397,0.5705153741566348,,,,,
stage1,logodds,0.9500000000000001,0.7000000000000002,0.6761811023622047,0.9964539007092199,0.55576569378686,,,,,
stage1,logodds,0.9500000000000001,0.7500000000000002,0.6545275590551181,0.9964539007092199,0.5370866706655146,,,,,
stage1,logodds,0.9500000000000001,0.8000000000000002,0.6240157480314961,1.0,0.5147997050919648,,,,,
stage1,logodds,0.9500000000000001,0.8500000000000002,0.6013779527559056,1.0,0.4968438709852541,,,,,
stage1,logodds,0.9500000000000001,0.9000000000000002,0.5669291338582677,1.0,0.47056578156052414,,,,,
stage1,logodds,1.0,0.1,0.9724409448818898,0.40070921985815605,0.49451424909998726,,,,,
stage1,logodds,1.0,0.15000000000000002,0.9429133858267716,0.6099290780141844,0.5970672602253382,,,,,
stage1,logodds,1.0,0.20000000000000004,0.9005905511811023,0.7375886524822695,0.6179262863961187,,,,,
stage1,logodds,1.0,0.25000000000000006,0.8651574803149606,0.8085106382978723,0.6179170074856356,,,,,
stage1,logodds,1.0,0.30000000000000004,0.8346456692913385,0.8794326241134752,0.6310100581063143,,,,,
stage1,logodds,1.0,0.3500000000000001,0.8090551181102362,0.9184397163120568,0.6293958378279684,,,,,
stage1,logodds,1.0,0.40000000000000013,0.7933070866141733,0.9468085106382979,0.6330531829221704,,,,,
stage1,logodds,1.0,0.45000000000000007,0.765748031496063,0.9680851063829787,0.6193995867793811,,,,,
stage1,logodds,1.0,0.5000000000000001,0.7470472440944882,0.975177304964539,0.6055826911033888,,,,,
stage1,logodds,1.0,0.5500000000000002,0.7263779527559056,0.9822695035460993,0.5906915283010824,,,,,
stage1,logodds,1.0,0.6000000000000002,0.7037401574803149,0.9893617021276596,0.5748999267375365,,,,,
stage1,logodds,1.0,0.6500000000000001,0.6811023622047244,0.9929078014184397,0.5572366197019386,,,,,
stage1,logodds,1.0,0.7000000000000002,0.65748031496063,0.9929078014184397,0.5366940521870579,,,,,
stage1,logodds,1.0,0.7500000000000002,0.6377952755905512,0.9964539007092199,0.5231022923529626,,,,,
stage1,logodds,1.0,0.8000000000000002,0.6190944881889764,1.0,0.5108459610471862,,,,,
stage1,logodds,1.0,0.8500000000000002,0.5905511811023622,1.0,0.4884561860190397,,,,,
stage1,logodds,1.0,0.9000000000000002,0.5580708661417323,1.0,0.4639920518152221,,,,,
stage2_end2end,weighted,,,,,,0.0,0.0,0.0,0.8586529182265714,0.8111346914654435
stage2_end2end,weighted,,,,,,0.0,0.0,0.2,0.8610508761641177,0.8138146219165069
stage2_end2end,weighted,,,,,,0.0,0.0,0.4,0.8621774906817059,0.8163703872476026
stage2_end2end,weighted,,,,,,0.0,0.0,0.6000000000000001,0.8607276400791168,0.814764679894715
stage2_end2end,weighted,,,,,,0.0,0.0,0.8,0.8608324258720093,0.8131107968259161
stage2_end2end,weighted,,,,,,0.0,0.0,1.0,0.862116694535709,0.8124063596574201
stage2_end2end,weighted,,,,,,0.0,0.2,0.0,0.8590186409289295,0.8128060046044894
stage2_end2end,weighted,,,,,,0.0,0.2,0.2,0.8609368959116676,0.815463958602267
stage2_end2end,weighted,,,,,,0.0,0.2,0.4,0.8625440410954742,0.8180417682064952
stage2_end2end,weighted,,,,,,0.0,0.2,0.6000000000000001,0.8610939581106858,0.8164358989052867
stage2_end2end,weighted,,,,,,0.0,0.2,0.8,0.8611989691452617,0.8147789519382256
stage2_end2end,weighted,,,,,,0.0,0.2,1.0,0.8624834026751979,0.8140728689138035
stage2_end2end,weighted,,,,,,0.0,0.4,0.0,0.8597067798525374,0.8161381219829711
stage2_end2end,weighted,,,,,,0.0,0.4,0.2,0.8622651577466494,0.8196850677617216
stage2_end2end,weighted,,,,,,0.0,0.4,0.4,0.8638751191044907,0.8222671035035238
stage2_end2end,weighted,,,,,,0.0,0.4,0.6000000000000001,0.8621076742672066,0.8189116357633642
stage2_end2end,weighted,,,,,,0.0,0.4,0.8,0.8622133759760502,0.8172528888967484
stage2_end2end,weighted,,,,,,0.0,0.4,1.0,0.8628591310831891,0.8156525221074162
stage2_end2end,weighted,,,,,,0.0,0.6000000000000001,0.0,0.8605185655514134,0.8160887693551631
stage2_end2end,weighted,,,,,,0.0,0.6000000000000001,0.2,0.8626472102726337,0.817904031410236
stage2_end2end,weighted,,,,,,0.0,0.6000000000000001,0.4,0.8642551255061572,0.8204821932832924
stage2_end2end,weighted,,,,,,0.0,0.6000000000000001,0.6000000000000001,0.863286226739558,0.8188961926408418
stage2_end2end,weighted,,,,,,0.0,0.6000000000000001,0.8,0.8633925916532252,0.8172424609351067
stage2_end2end,weighted,,,,,,0.0,0.6000000000000001,1.0,0.8646780761281389,0.816535452971993
stage2_end2end,weighted,,,,,,0.0,0.8,0.0,0.8607705898165358,0.8156415326812481
stage2_end2end,weighted,,,,,,0.0,0.8,0.2,0.8629016739035129,0.8174600204549136
stage2_end2end,weighted,,,,,,0.0,0.8,0.4,0.8643531707559959,0.819165592128922
stage2_end2end,weighted,,,,,,0.0,0.8,0.6000000000000001,0.8633836522967829,0.8175793904339201
stage2_end2end,weighted,,,,,,0.0,0.8,0.8,0.863490145803003,0.8159196086439687
stage2_end2end,weighted,,,,,,0.0,0.8,1.0,0.8647765033920991,0.815212342207667
stage2_end2end,weighted,,,,,,0.0,1.0,0.0,0.8600301707026599,0.8121471780646848
stage2_end2end,weighted,,,,,,0.0,1.0,0.2,0.8619412304904057,0.8132661858006053
stage2_end2end,weighted,,,,,,0.0,1.0,0.4,0.8635503934292066,0.8158528974495572
stage2_end2end,weighted,,,,,,0.0,1.0,0.6000000000000001,0.862686387208911,0.8150897402578596
stage2_end2end,weighted,,,,,,0.0,1.0,0.8,0.8629047657821312,0.8133171802969088
stage2_end2end,weighted,,,,,,0.0,1.0,1.0,0.8641911939244298,0.8126111590076392
stage2_end2end,weighted,,,,,,0.2,0.0,0.0,0.8591954097602028,0.8126421409282261
stage2_end2end,weighted,,,,,,0.2,0.0,0.2,0.8615913975263062,0.8153201630582524
stage2_end2end,weighted,,,,,,0.2,0.0,0.4,0.8627166707171492,0.817870484024415
stage2_end2end,weighted,,,,,,0.2,0.0,0.6000000000000001,0.8612683434672976,0.8162634065153057
stage2_end2end,weighted,,,,,,0.2,0.0,0.8,0.8613733264233548,0.8146147124704622
stage2_end2end,weighted,,,,,,0.2,0.0,1.0,0.8626561845451636,0.8139086668760209
stage2_end2end,weighted,,,,,,0.2,0.2,0.0,0.8595081182227279,0.8143945665972285
stage2_end2end,weighted,,,,,,0.2,0.2,0.2,0.8614253159970633,0.8170501546042999
stage2_end2end,weighted,,,,,,0.2,0.2,0.4,0.8630314408715429,0.8196243037527461
stage2_end2end,weighted,,,,,,0.2,0.2,0.6000000000000001,0.8615823576619954,0.8180190693893794
stage2_end2end,weighted,,,,,,0.2,0.2,0.8,0.8616875739364358,0.8163642626424045
stage2_end2end,weighted,,,,,,0.2,0.2,1.0,0.8629710667848657,0.8156570884280816
stage2_end2end,weighted,,,,,,0.2,0.4,0.0,0.8601959118001299,0.8177291040790898
stage2_end2end,weighted,,,,,,0.2,0.4,0.2,0.8627531075311216,0.8212742940852603
stage2_end2end,weighted,,,,,,0.2,0.4,0.4,0.8643620447151541,0.8238526494044424
stage2_end2end,weighted,,,,,,0.2,0.4,0.6000000000000001,0.8625956450500297,0.820496976617982
stage2_end2end,weighted,,,,,,0.2,0.4,0.8,0.8627015513466662,0.8188403755959138
stage2_end2end,weighted,,,,,,0.2,0.4,1.0,0.8633464885197017,0.8172382704866651
stage2_end2end,weighted,,,,,,0.2,0.6000000000000001,0.0,0.86100616585223,0.8176740714411569
stage2_end2end,weighted,,,,,,0.2,0.6000000000000001,0.2,0.8631341604158813,0.8194892811973938
stage2_end2end,weighted,,,,,,0.2,0.6000000000000001,0.4,0.8647410539947189,0.8220637741217315
stage2_end2end,weighted,,,,,,0.2,0.6000000000000001,0.6000000000000001,0.8637730528113826,0.8204785996990902
stage2_end2end,weighted,,,,,,0.2,0.6000000000000001,0.8,0.8638796210123982,0.818827005288721
stage2_end2end,weighted,,,,,,0.2,0.6000000000000001,1.0,0.8651641631854432,0.8181188936734461
stage2_end2end,weighted,,,,,,0.2,0.8,0.0,0.8612584137018384,0.8172239400455018
stage2_end2end,weighted,,,,,,0.2,0.8,0.2,0.8633888455658885,0.8190423913699914
stage2_end2end,weighted,,,,,,0.2,0.8,0.4,0.8648393405219629,0.8207438619599579
stage2_end2end,weighted,,,,,,0.2,0.8,0.6000000000000001,0.8638707207987832,0.8191585058853972
stage2_end2end,weighted,,,,,,0.2,0.8,0.8,0.8639774177664004,0.8175008613908119
stage2_end2end,weighted,,,,,,0.2,0.8,1.0,0.8652628317700046,0.8167925105517068
stage2_end2end,weighted,,,,,,0.2,1.0,0.0,0.8605185655514134,0.8137303802283329
stage2_end2end,weighted,,,,,,0.2,1.0,0.2,0.8624292614678912,0.8148482922648563
stage2_end2end,weighted,,,,,,0.2,1.0,0.4,0.8640374013179121,0.8174313234911882
stage2_end2end,weighted,,,,,,0.2,1.0,0.6000000000000001,0.8631744991962292,0.8166692239801696
stage2_end2end,weighted,,,,,,0.2,1.0,0.8,0.8633925916532252,0.8148997027582773
stage2_end2end,weighted,,,,,,0.2,1.0,1.0,0.8646780761281389,0.814192596274656
stage2_end2end,weighted,,,,,,0.4,0.0,0.0,0.859447854441431,0.8134108723443509
stage2_end2end,weighted,,,,,,0.4,0.0,0.2,0.8618431409135666,0.8160900611134553
stage2_end2end,weighted,,,,,,0.4,0.0,0.4,0.8629678914624386,0.8186403820796178
stage2_end2end,weighted,,,,,,0.4,0.0,0.6000000000000001,0.8615201424958545,0.817031541579798
stage2_end2end,weighted,,,,,,0.4,0.0,0.8,0.8616252265380536,0.8153828475349545
stage2_end2end,weighted,,,,,,0.4,0.0,1.0,0.862907544030952,0.8146750524305858
stage2_end2end,weighted,,,,,,0.4,0.2,0.0,0.8597605288295236,0.8151691608109737
stage2_end2end,weighted,,,,,,0.4,0.2,0.2,0.8616770975415557,0.8178258585930573
stage2_end2end,weighted,,,,,,0.4,0.2,0.4,0.8632826259898276,0.8204000077415037
stage2_end2end,weighted,,,,,,0.4,0.2,0.6000000000000001,0.8618341216826142,0.8187930006160362
stage2_end2end,weighted,,,,,,0.4,0.2,0.8,0.8619394389584414,0.8171381938690612
stage2_end2end,weighted,,,,,,0.4,0.2,1.0,0.8632223906369749,0.8164292603540316
stage2_end2end,weighted,,,,,,0.4,0.4,0.0,0.8604481142218209,0.8185141265020398
stage2_end2end,weighted,,,,,,0.4,0.4,0.2,0.8630045881043555,0.8220631385222346
stage2_end2end,weighted,,,,,,0.4,0.4,0.4,0.8646129266244067,0.8246414938414166
stage2_end2end,weighted,,,,,,0.4,0.4,0.6000000000000001,0.8628471434233589,0.821278393963597
stage2_end2end,weighted,,,,,,0.4,0.4,0.8,0.862953150324574,0.8196217929415288
stage2_end2end,weighted,,,,,,0.4,0.4,1.0,0.8635976378505908,0.8180150651224475
stage2_end2end,weighted,,,,,,0.4,0.6000000000000001,0.0,0.8612575438426657,0.8184555676448355
stage2_end2end,weighted,,,,,,0.4,0.6000000000000001,0.2,0.8633851095512699,0.8202718411305
stage2_end2end,weighted,,,,,,0.4,0.6000000000000001,0.4,0.864991405943695,0.8228463340548376
stage2_end2end,weighted,,,,,,0.4,0.6000000000000001,0.6000000000000001,0.8640239097132054,0.8212593548742048
stage2_end2end,weighted,,,,,,0.4,0.6000000000000001,0.8,0.8641305777911691,0.8196077604638357
stage2_end2end,weighted,,,,,,0.4,0.6000000000000001,1.0,0.8654145778676043,0.8188978577789822
stage2_end2end,weighted,,,,,,0.4,0.8,0.0,0.8615098956724798,0.8180029041510378
stage2_end2end,weighted,,,,,,0.4,0.8,0.2,0.8636398974025504,0.8198224185424345
stage2_end2end,weighted,,,,,,0.4,0.8,0.4,0.8650898122398143,0.8215210485650013
stage2_end2end,weighted,,,,,,0.4,0.8,0.6000000000000001,0.8641216981172997,0.8199339284409447
stage2_end2end,weighted,,,,,,0.4,0.8,0.8,0.864228495039793,0.8182762839463594
stage2_end2end,weighted,,,,,,0.4,0.8,1.0,0.8655133662089758,0.8175661823918887
stage2_end2end,weighted,,,,,,0.4,1.0,0.0,0.8607703741722665,0.8145006702527967
stage2_end2end,weighted,,,,,,0.4,1.0,0.2,0.8626807982104232,0.8156179745511558
stage2_end2end,weighted,,,,,,0.4,1.0,0.4,0.8642883400254922,0.8182010057774877
stage2_end2end,weighted,,,,,,0.4,1.0,0.6000000000000001,0.863426044524181,0.8174371651655481
stage2_end2end,weighted,,,,,,0.4,1.0,0.8,0.8636439800212359,0.8156693850445768
stage2_end2end,weighted,,,,,,0.4,1.0,1.0,0.8649289216133235,0.8149605374600345
stage2_end2end,weighted,,,,,,0.6000000000000001,0.0,0.0,0.8587335482490871,0.8110674041073211
stage2_end2end,weighted,,,,,,0.6000000000000001,0.0,0.2,0.8611302676508357,0.8137449136540722
stage2_end2end,weighted,,,,,,0.6000000000000001,0.0,0.4,0.8622562384536667,0.8162952346202348
stage2_end2end,weighted,,,,,,0.6000000000000001,0.0,0.6000000000000001,0.8608071863979186,0.8146909834063983
stage2_end2end,weighted,,,,,,0.6000000000000001,0.0,0.8,0.8609119596990618,0.8130422893615549
stage2_end2end,weighted,,,,,,0.6000000000000001,0.0,1.0,0.8621955117774258,0.8123390504789221
stage2_end2end,weighted,,,,,,0.6000000000000001,0.2,0.0,0.8590462470566523,0.8128131414229104
stage2_end2end,weighted,,,,,,0.6000000000000001,0.2,0.2,0.8609641546336464,0.8154682831644424
stage2_end2end,weighted,,,,,,0.6000000000000001,0.2,0.4,0.8625710008461522,0.8180424323128888
stage2_end2end,weighted,,,,,,0.6000000000000001,0.2,0.6000000000000001,0.8611211920455114,0.8164400330676911
stage2_end2end,weighted,,,,,,0.6000000000000001,0.2,0.8,0.861226198712234,0.8147852263207159
stage2_end2end,weighted,,,,,,0.6000000000000001,0.2,1.0,0.8625103862152675,0.8140808676891806
stage2_end2end,weighted,,,,,,0.6000000000000001,0.4,0.0,0.8597342633298131,0.8161349775964739
stage2_end2end,weighted,,,,,,0.6000000000000001,0.4,0.2,0.8622921900722499,0.8196766447509974
stage2_end2end,weighted,,,,,,0.6000000000000001,0.4,0.4,0.863901851394317,0.8222550000701794
stage2_end2end,weighted,,,,,,0.6000000000000001,0.4,0.6000000000000001,0.8621347315327956,0.8189085962073923
stage2_end2end,weighted,,,,,,0.6000000000000001,0.4,0.8,0.8622404286292211,0.8172519951853241
stage2_end2end,weighted,,,,,,0.6000000000000001,0.4,1.0,0.8628860408977395,0.8156559699119198
stage2_end2end,weighted,,,,,,0.6000000000000001,0.6000000000000001,0.0,0.8605458412950211,0.8160836397285312
stage2_end2end,weighted,,,,,,0.6000000000000001,0.6000000000000001,0.2,0.8626741295725499,0.8178984673176473
stage2_end2end,weighted,,,,,,0.6000000000000001,0.6000000000000001,0.4,0.8642817455278752,0.8204729602419849
stage2_end2end,weighted,,,,,,0.6000000000000001,0.6000000000000001,0.6000000000000001,0.8633130426757631,0.8188906646914237
stage2_end2end,weighted,,,,,,0.6000000000000001,0.6000000000000001,0.8,0.8634194027046734,0.8172390702810546
stage2_end2end,weighted,,,,,,0.6000000000000001,0.6000000000000001,1.0,0.8647046407454795,0.8165338176965692
stage2_end2end,weighted,,,,,,0.6000000000000001,0.8,0.0,0.8607978402327662,0.8156388640686248
stage2_end2end,weighted,,,,,,0.6000000000000001,0.8,0.2,0.8629285670267648,0.8174569183923994
stage2_end2end,weighted,,,,,,0.6000000000000001,0.8,0.4,0.8643797891507421,0.8191616253387828
stage2_end2end,weighted,,,,,,0.6000000000000001,0.8,0.6000000000000001,0.8634104668569409,0.8175790891093557
stage2_end2end,weighted,,,,,,0.6000000000000001,0.8,0.8,0.8635169554490937,0.8159214446147705
stage2_end2end,weighted,,,,,,0.6000000000000001,0.8,1.0,0.8648030662690414,0.8152158942730872
stage2_end2end,weighted,,,,,,0.6000000000000001,1.0,0.0,0.859422720553773,0.8112624324698461
stage2_end2end,weighted,,,,,,0.6000000000000001,1.0,0.2,0.8613303595410823,0.8123804235259175
stage2_end2end,weighted,,,,,,0.6000000000000001,1.0,0.4,0.8629375290567405,0.8149578579068659
stage2_end2end,weighted,,,,,,0.6000000000000001,1.0,0.6000000000000001,0.8620738976488638,0.8141991873463746
stage2_end2end,weighted,,,,,,0.6000000000000001,1.0,0.8,0.8622921900722499,0.8124283744693213
stage2_end2end,weighted,,,,,,0.6000000000000001,1.0,1.0,0.8635771794183585,0.8117245045796443
stage2_end2end,weighted,,,,,,0.8,0.0,0.0,0.8548232290463366,0.8014852164513199
stage2_end2end,weighted,,,,,,0.8,0.0,0.2,0.8572162613205266,0.8041813050122419
stage2_end2end,weighted,,,,,,0.8,0.0,0.4,0.8583435013627331,0.8067354987576076
stage2_end2end,weighted,,,,,,0.8,0.0,0.6000000000000001,0.8568942861367697,0.8051402881258074
stage2_end2end,weighted,,,,,,0.8,0.0,0.8,0.856996843668502,0.803489453860878
stage2_end2end,weighted,,,,,,0.8,0.0,1.0,0.8582809792608077,0.8027969400906642
stage2_end2end,weighted,,,,,,0.8,0.2,0.0,0.855299781176557,0.8040499517661743
stage2_end2end,weighted,,,,,,0.8,0.2,0.2,0.8572162613205266,0.8067213615177448
stage2_end2end,weighted,,,,,,0.8,0.2,0.4,0.8588229330653068,0.809299171121973
stage2_end2end,weighted,,,,,,0.8,0.2,0.6000000000000001,0.8573726732515021,0.8077052887211564
stage2_end2end,weighted,,,,,,0.8,0.2,0.8,0.8574755775020113,0.8060483417540952
stage2_end2end,weighted,,,,,,0.8,0.2,1.0,0.8587605853710556,0.8053541847203732
stage2_end2end,weighted,,,,,,0.8,0.4,0.0,0.856854940701065,0.8081351411961973
stage2_end2end,weighted,,,,,,0.8,0.4,0.2,0.8594087168263715,0.8116954656195746
stage2_end2end,weighted,,,,,,0.8,0.4,0.4,0.8610174069097338,0.8142738209387567
stage2_end2end,weighted,,,,,,0.8,0.4,0.6000000000000001,0.8592518211665021,0.8109272143382915
stage2_end2end,weighted,,,,,,0.8,0.4,0.8,0.8593558469281062,0.8092706133162233
stage2_end2end,weighted,,,,,,0.8,0.4,1.0,0.8600034803325021,0.8076790862997445
stage2_end2end,weighted,,,,,,0.8,0.6000000000000001,0.0,0.8569622808991393,0.8081946231940236
stage2_end2end,weighted,,,,,,0.8,0.6000000000000001,0.2,0.8590857757259289,0.8100211952121674
stage2_end2end,weighted,,,,,,0.8,0.6000000000000001,0.4,0.8606936682416185,0.8125994551046729
stage2_end2end,weighted,,,,,,0.8,0.6000000000000001,0.6000000000000001,0.8597227159822067,0.8110249946188162
stage2_end2end,weighted,,,,,,0.8,0.6000000000000001,0.8,0.8598270919104398,0.8093681926909835
stage2_end2end,weighted,,,,,,0.8,0.6000000000000001,1.0,0.861113471177309,0.8086726503763512
stage2_end2end,weighted,,,,,,0.8,0.8,0.0,0.8568899390581365,0.8061044009004782
stage2_end2end,weighted,,,,,,0.8,0.8,0.2,0.8590143488200797,0.8079386631500407
stage2_end2end,weighted,,,,,,0.8,0.8,0.4,0.8604657362218904,0.8096408849236141
stage2_end2end,weighted,,,,,,0.8,0.8,0.6000000000000001,0.8594944556008994,0.8080670473151226
stage2_end2end,weighted,,,,,,0.8,0.8,0.8,0.8595987250747384,0.8064072655251712
stage2_end2end,weighted,,,,,,0.8,0.8,1.0,0.8608854225131302,0.8057123031088608
stage2_end2end,weighted,,,,,,0.8,1.0,0.0,0.8555167125727392,0.8017012032189326
stage2_end2end,weighted,,,,,,0.8,1.0,0.2,0.8574169299503729,0.8028462736392832
stage2_end2end,weighted,,,,,,0.8,1.0,0.4,0.8590235771663087,0.8054273684760135
stage2_end2end,weighted,,,,,,0.8,1.0,0.6000000000000001,0.8581557693405835,0.8046772380190763
stage2_end2end,weighted,,,,,,0.8,1.0,0.8,0.8583751733371587,0.8028938028043198
stage2_end2end,weighted,,,,,,0.8,1.0,1.0,0.8596607479152192,0.8022006103135627
stage2_end2end,weighted,,,,,,1.0,0.0,0.0,0.8493586906407153,0.7844011946739823
stage2_end2end,weighted,,,,,,1.0,0.0,0.2,0.8517372588263665,0.7871429846425931
stage2_end2end,weighted,,,,,,1.0,0.0,0.4,0.8528618813889984,0.7896971783879588
stage2_end2end,weighted,,,,,,1.0,0.0,0.6000000000000001,0.8514180841638054,0.7881130093550529
stage2_end2end,weighted,,,,,,1.0,0.0,0.8,0.8515171447364658,0.7864621750901236
stage2_end2end,weighted,,,,,,1.0,0.0,1.0,0.852797090758634,0.7857806897034226
stage2_end2end,weighted,,,,,,1.0,0.2,0.0,0.8496668940739021,0.7862285447650201
stage2_end2end,weighted,,,,,,1.0,0.2,0.2,0.8515727985108998,0.7889474869085568
stage2_end2end,weighted,,,,,,1.0,0.2,0.4,0.8531721300178476,0.791525296512785
stage2_end2end,weighted,,,,,,1.0,0.2,0.6000000000000001,0.8517275809591918,0.7899427102441193
stage2_end2end,weighted,,,,,,1.0,0.2,0.8,0.8518268694174254,0.7882857632770582
stage2_end2end,weighted,,,,,,1.0,0.2,1.0,0.8531074475197915,0.7876028902327814
stage2_end2end,weighted,,,,,,1.0,0.4,0.0,0.8510561925517717,0.7895872602691723
stage2_end2end,weighted,,,,,,1.0,0.4,0.2,0.8535925174817297,0.7932347711819594
stage2_end2end,weighted,,,,,,1.0,0.4,0.4,0.8551935081761962,0.7958131265011414
stage2_end2end,weighted,,,,,,1.0,0.4,0.6000000000000001,0.8534373145470219,0.7924026690886983
stage2_end2end,weighted,,,,,,1.0,0.4,0.8,0.8535376053422024,0.7907460680666301
stage2_end2end,weighted,,,,,,1.0,0.4,1.0,0.8541869958025358,0.7891283386287392
stage2_end2end,weighted,,,,,,1.0,0.6000000000000001,0.0,0.8524080419964392,0.791273393557573
stage2_end2end,weighted,,,,,,1.0,0.6000000000000001,0.2,0.8545167983781534,0.7931448805698383
stage2_end2end,weighted,,,,,,1.0,0.6000000000000001,0.4,0.8561184828739595,0.7957231404623439
stage2_end2end,weighted,,,,,,1.0,0.6000000000000001,0.6000000000000001,0.8551486291494635,0.7941602600565922
stage2_end2end,weighted,,,,,,1.0,0.6000000000000001,0.8,0.855250052721393,0.7925034581287596
stage2_end2end,weighted,,,,,,1.0,0.6000000000000001,1.0,0.8565326298020681,0.7918194789138836
stage2_end2end,weighted,,,,,,1.0,0.8,0.0,0.8524979154354685,0.7900190742953597
stage2_end2end,weighted,,,,,,1.0,0.8,0.2,0.854608265425081,0.7918954981932289
stage2_end2end,weighted,,,,,,1.0,0.8,0.4,0.8560550745499977,0.7935667475586717
stage2_end2end,weighted,,,,,,1.0,0.8,0.6000000000000001,0.8550847793434753,0.79200408143376
stage2_end2end,weighted,,,,,,1.0,0.8,0.8,0.8551862095830582,0.7903442996438087
stage2_end2end,weighted,,,,,,1.0,0.8,1.0,0.8564693383971643,0.7896604909071423
stage2_end2end,weighted,,,,,,1.0,1.0,0.0,0.8517803539424911,0.7879522436361086
stage2_end2end,weighted,,,,,,1.0,1.0,0.2,0.8536664864210997,0.7891479101370457
stage2_end2end,weighted,,,,,,1.0,1.0,0.4,0.8552667117885753,0.7917254590300058
stage2_end2end,weighted,,,,,,1.0,1.0,0.6000000000000001,0.854398103911896,0.7909873302622574
stage2_end2end,weighted,,,,,,1.0,1.0,0.8,0.8546177630082381,0.7891929180180343
stage2_end2end,weighted,,,,,,1.0,1.0,1.0,0.855899154387031,0.7885094666063094
stage2_end2end,logodds,,,,,,0.0,0.0,0.0,0.8586529182265714,0.8111346914654435
stage2_end2end,logodds,,,,,,0.0,0.0,0.2,0.8595698900533937,0.8145183892026854
stage2_end2end,logodds,,,,,,0.0,0.0,0.4,0.8621774906817059,0.8163703872476026
stage2_end2end,logodds,,,,,,0.0,0.0,0.6000000000000001,0.8615913975263062,0.8155283196082678
stage2_end2end,logodds,,,,,,0.0,0.0,0.8,0.8607276400791168,0.814764679894715
stage2_end2end,logodds,,,,,,0.0,0.0,1.0,0.862116694535709,0.8124063596574201
stage2_end2end,logodds,,,,,,0.0,0.2,0.0,0.8593408511446201,0.8144653681118796
stage2_end2end,logodds,,,,,,0.0,0.2,0.2,0.8601008548858349,0.8169822132452372
stage2_end2end,logodds,,,,,,0.0,0.2,0.4,0.8627105307860172,0.8188241549779942
stage2_end2end,logodds,,,,,,0.0,0.2,0.6000000000000001,0.8627620802283196,0.8188813934462187
stage2_end2end,logodds,,,,,,0.0,0.2,0.8,0.8611551592396463,0.8164049090451538
stage2_end2end,logodds,,,,,,0.0,0.2,1.0,0.8626499564139525,0.8148575544798045
stage2_end2end,logodds,,,,,,0.0,0.4,0.0,0.8597067798525374,0.8161381219829711
stage2_end2end,logodds,,,,,,0.0,0.4,0.2,0.8611023742124877,0.8195517838909872
stage2_end2end,logodds,,,,,,0.0,0.4,0.4,0.8638751191044907,0.8222671035035238
stage2_end2end,logodds,,,,,,0.0,0.4,0.6000000000000001,0.8636105878991716,0.8205739430320866
stage2_end2end,logodds,,,,,,0.0,0.4,0.8,0.8613642703219102,0.817200967441926
stage2_end2end,logodds,,,,,,0.0,0.4,1.0,0.8628591310831891,0.8156525221074162
stage2_end2end,logodds,,,,,,0.0,0.6000000000000001,0.0,0.8595501511255756,0.815263627346263
stage2_end2end,logodds,,,,,,0.0,0.6000000000000001,0.2,0.8609455315760005,0.8186742037917382
stage2_end2end,logodds,,,,,,0.0,0.6000000000000001,0.4,0.8635593232609152,0.8205199774618516
stage2_end2end,logodds,,,,,,0.0,0.6000000000000001,0.6000000000000001,0.8634528424473684,0.8197002497036199
stage2_end2end,logodds,,,,,,0.0,0.6000000000000001,0.8,0.8624834026751979,0.8181132325697515
stage2_end2end,logodds,,,,,,0.0,0.6000000000000001,1.0,0.8639819627038667,0.8165704777535812
stage2_end2end,logodds,,,,,,0.0,0.8,0.0,0.8609885625985628,0.8163506846022462
stage2_end2end,logodds,,,,,,0.0,0.8,0.2,0.8619556625067859,0.8180200939265104
stage2_end2end,logodds,,,,,,0.0,0.8,0.4,0.8645709213382076,0.8198701249175523
stage2_end2end,logodds,,,,,,0.0,0.8,0.6000000000000001,0.8644638942456351,0.8190484145502248
stage2_end2end,logodds,,,,,,0.0,0.8,0.8,0.8634951917527109,0.8174630584756641
stage2_end2end,logodds,,,,,,0.0,0.8,1.0,0.8649943866206007,0.8159196086439687
stage2_end2end,logodds,,,,,,0.0,1.0,0.0,0.8600301707026599,0.8121471780646848
stage2_end2end,logodds,,,,,,0.0,1.0,0.2,0.8609364563368519,0.8139897317691634
stage2_end2end,logodds,,,,,,0.0,1.0,0.4,0.8635503934292066,0.8158528974495572
stage2_end2end,logodds,,,,,,0.0,1.0,0.6000000000000001,0.8635503934292066,0.8158528974495572
stage2_end2end,logodds,,,,,,0.0,1.0,0.8,0.8626925707326348,0.8141472430693277
stage2_end2end,logodds,,,,,,0.0,1.0,1.0,0.8641911939244298,0.8126111590076392
stage2_end2end,logodds,,,,,,0.2,0.0,0.0,0.8593517296107924,0.8135186323040717
stage2_end2end,logodds,,,,,,0.2,0.0,0.2,0.8602669840999915,0.8168961664819981
stage2_end2end,logodds,,,,,,0.2,0.0,0.4,0.8628740211305446,0.8187476573908088
stage2_end2end,logodds,,,,,,0.2,0.0,0.6000000000000001,0.8622876676854749,0.8179051961400899
stage2_end2end,logodds,,,,,,0.2,0.0,0.8,0.8614253159970633,0.8171414929698599
stage2_end2end,logodds,,,,,,0.2,0.0,1.0,0.8628135909735883,0.8147831361679103
stage2_end2end,logodds,,,,,,0.2,0.2,0.0,0.8600393030762582,0.8168541787207684
stage2_end2end,logodds,,,,,,0.2,0.2,0.2,0.8607975880530442,0.8193639871852344
stage2_end2end,logodds,,,,,,0.2,0.2,0.4,0.8634066971979223,0.8212053869978726
stage2_end2end,logodds,,,,,,0.2,0.2,0.6000000000000001,0.8634579354714536,0.8212632930164288
stage2_end2end,logodds,,,,,,0.2,0.2,0.8,0.8618521589670762,0.8187854660755175
stage2_end2end,logodds,,,,,,0.2,0.2,1.0,0.8633464885197017,0.8172382704866651
stage2_end2end,logodds,,,,,,0.2,0.4,0.0,0.8601959118001299,0.8177291040790898
stage2_end2end,logodds,,,,,,0.2,0.4,0.2,0.8615900788104639,0.8211368064426064
stage2_end2end,logodds,,,,,,0.2,0.4,0.4,0.8643620447151541,0.8238526494044424
stage2_end2end,logodds,,,,,,0.2,0.4,0.6000000000000001,0.8640973319893737,0.8221588763620735
stage2_end2end,logodds,,,,,,0.2,0.4,0.8,0.8618521589670762,0.8187854660755175
stage2_end2end,logodds,,,,,,0.2,0.4,1.0,0.8633464885197017,0.8172382704866651
stage2_end2end,logodds,,,,,,0.2,0.6000000000000001,0.0,0.8600393030762582,0.8168541787207684
stage2_end2end,logodds,,,,,,0.2,0.6000000000000001,0.2,0.8614332566531571,0.8202587956217439
stage2_end2end,logodds,,,,,,0.2,0.6000000000000001,0.4,0.8640462920124636,0.8221046774644492
stage2_end2end,logodds,,,,,,0.2,0.6000000000000001,0.6000000000000001,0.8639396080107409,0.8212847573496346
stage2_end2end,logodds,,,,,,0.2,0.6000000000000001,0.8,0.8629710667848657,0.8196985734243694
stage2_end2end,logodds,,,,,,0.2,0.6000000000000001,1.0,0.8644690915125951,0.8181570742652704
stage2_end2end,logodds,,,,,,0.2,0.8,0.0,0.8614761018441682,0.8179341956186615
stage2_end2end,logodds,,,,,,0.2,0.8,0.2,0.8624423076091234,0.8195993626539589
stage2_end2end,logodds,,,,,,0.2,0.8,0.4,0.865056806269323,0.8214494919340376
stage2_end2end,logodds,,,,,,0.2,0.8,0.6000000000000001,0.8649495771870912,0.8206275947220995
stage2_end2end,logodds,,,,,,0.2,0.8,0.8,0.8639817719241495,0.8190430693587538
stage2_end2end,logodds,,,,,,0.2,0.8,1.0,0.8654804297247827,0.8175008613908119
stage2_end2end,logodds,,,,,,0.2,1.0,0.0,0.8605185655514134,0.8137303802283329
stage2_end2end,logodds,,,,,,0.2,1.0,0.2,0.8614242206086242,0.8155680133460391
stage2_end2end,logodds,,,,,,0.2,1.0,0.4,0.8640374013179121,0.8174313234911882
stage2_end2end,logodds,,,,,,0.2,1.0,0.6000000000000001,0.8640374013179121,0.8174313234911882
stage2_end2end,logodds,,,,,,0.2,1.0,0.8,0.8631799885540146,0.8157274131439772
stage2_end2end,logodds,,,,,,0.2,1.0,1.0,0.8646780761281389,0.814192596274656
stage2_end2end,logodds,,,,,,0.4,0.0,0.0,0.8592824514507331,0.8125921332080704
stage2_end2end,logodds,,,,,,0.4,0.0,0.2,0.8601970221757222,0.8159651626001191
stage2_end2end,logodds,,,,,,0.4,0.0,0.4,0.8628016739843073,0.8178241507581431
stage2_end2end,logodds,,,,,,0.4,0.0,0.6000000000000001,0.8622158980280418,0.8169803278930065
stage2_end2end,logodds,,,,,,0.4,0.0,0.8,0.8613542113232494,0.816215769548785
stage2_end2end,logodds,,,,,,0.4,0.0,1.0,0.8627412627094232,0.8138597400728695
stage2_end2end,logodds,,,,,,0.4,0.2,0.0,0.8601258801585114,0.8168252894107908
stage2_end2end,logodds,,,,,,0.4,0.2,0.2,0.8608835749581446,0.8193302019052068
stage2_end2end,logodds,,,,,,0.4,0.2,0.4,0.8634913104541805,0.821175133967796
stage2_end2end,logodds,,,,,,0.4,0.2,0.6000000000000001,0.863542485279766,0.8212378905409989
stage2_end2end,logodds,,,,,,0.4,0.2,0.8,0.8619376522418574,0.8187538634915859
stage2_end2end,logodds,,,,,,0.4,0.2,1.0,0.8634311763622788,0.8172053323798771
stage2_end2end,logodds,,,,,,0.4,0.4,0.0,0.8602824110240206,0.8177050756400381
stage2_end2end,logodds,,,,,,0.4,0.4,0.2,0.8616756645602204,0.8211127780035549
stage2_end2end,logodds,,,,,,0.4,0.4,0.4,0.8644461718131422,0.8238368443964269
stage2_end2end,logodds,,,,,,0.4,0.4,0.6000000000000001,0.8641815545141345,0.8221382897955613
stage2_end2end,logodds,,,,,,0.4,0.4,0.8,0.8619376522418574,0.8187538634915859
stage2_end2end,logodds,,,,,,0.4,0.4,1.0,0.8634311763622788,0.8172053323798771
stage2_end2end,logodds,,,,,,0.4,0.6000000000000001,0.0,0.8601258801585114,0.8168252894107908
stage2_end2end,logodds,,,,,,0.4,0.6000000000000001,0.2,0.8615189205476845,0.8202299063117662
stage2_end2end,logodds,,,,,,0.4,0.6000000000000001,0.4,0.8641305777911691,0.8220792749890193
stage2_end2end,logodds,,,,,,0.4,0.6000000000000001,0.6000000000000001,0.8640239097132054,0.8212593548742048
stage2_end2end,logodds,,,,,,0.4,0.6000000000000001,0.8,0.863055987286351,0.8196718110877192
stage2_end2end,logodds,,,,,,0.4,0.6000000000000001,1.0,0.8645532023410378,0.8181289661076487
stage2_end2end,logodds,,,,,,0.4,0.8,0.0,0.8615617127882605,0.8179055630399634
stage2_end2end,logodds,,,,,,0.4,0.8,0.2,0.8625273027465721,0.8195658445765123
stage2_end2end,logodds,,,,,,0.4,0.8,0.4,0.8651404212275569,0.8214195098014845
stage2_end2end,logodds,,,,,,0.4,0.8,0.6000000000000001,0.8650332087973347,0.8205976125895462
stage2_end2end,logodds,,,,,,0.4,0.8,0.8,0.8640660214021806,0.8190117517033444
stage2_end2end,logodds,,,,,,0.4,0.8,1.0,0.865563868618946,0.8174682221097654
stage2_end2end,logodds,,,,,,0.4,1.0,0.0,0.8606047815957546,0.8136856674134396
stage2_end2end,logodds,,,,,,0.4,1.0,0.2,0.8615098956724798,0.8155219968308971
stage2_end2end,logodds,,,,,,0.4,1.0,0.4,0.8641216981172997,0.8173889411416312
stage2_end2end,logodds,,,,,,0.4,1.0,0.6000000000000001,0.8641216981172997,0.8173889411416312
stage2_end2end,logodds,,,,,,0.4,1.0,0.8,0.8632647664462989,0.8156850307944202
stage2_end2end,logodds,,,,,,0.4,1.0,1.0,0.8647620442324896,0.8141489270789709
stage2_end2end,logodds,,,,,,0.6000000000000001,0.0,0.0,0.8571182989803162,0.8110848952123357
stage2_end2end,logodds,,,,,,0.6000000000000001,0.0,0.2,0.858037319232353,0.8144640881637001
stage2_end2end,logodds,,,,,,0.6000000000000001,0.0,0.4,0.8606412278069308,0.8163156626601509
stage2_end2end,logodds,,,,,,0.6000000000000001,0.0,0.6000000000000001,0.8600568208259398,0.8154722334063983
stage2_end2end,logodds,,,,,,0.6000000000000001,0.0,0.8,0.8591915992276149,0.8147092348308999
stage2_end2end,logodds,,,,,,0.6000000000000001,0.0,1.0,0.860579738929005,0.812354717255959
stage2_end2end,logodds,,,,,,0.6000000000000001,0.2,0.0,0.857962031116964,0.8152733513905632
stage2_end2end,logodds,,,,,,0.6000000000000001,0.2,0.2,0.8587243310534456,0.8177945553430123
stage2_end2end,logodds,,,,,,0.6000000000000001,0.2,0.4,0.8613313306328918,0.8196323766565209
stage2_end2end,logodds,,,,,,0.6000000000000001,0.2,0.6000000000000001,0.8613834221678517,0.8196852952365186
stage2_end2end,logodds,,,,,,0.6000000000000001,0.2,0.8,0.8597765752549416,0.8172133618063274
stage2_end2end,logodds,,,,,,0.6000000000000001,0.2,1.0,0.8612701192389585,0.8156662310862746
stage2_end2end,logodds,,,,,,0.6000000000000001,0.4,0.0,0.8581184070086576,0.8161430844705173
stage2_end2end,logodds,,,,,,0.6000000000000001,0.4,0.2,0.8595158117359689,0.8195567463785334
stage2_end2end,logodds,,,,,,0.6000000000000001,0.4,0.4,0.8622854388131922,0.8222640154576675
stage2_end2end,logodds,,,,,,0.6000000000000001,0.4,0.6000000000000001,0.862022042711918,0.8205755396078442
stage2_end2end,logodds,,,,,,0.6000000000000001,0.4,0.8,0.8597765752549416,0.8172133618063274
stage2_end2end,logodds,,,,,,0.6000000000000001,0.4,1.0,0.8612701192389585,0.8156662310862746
stage2_end2end,logodds,,,,,,0.6000000000000001,0.6000000000000001,0.0,0.857962031116964,0.8152733513905632
stage2_end2end,logodds,,,,,,0.6000000000000001,0.6000000000000001,0.2,0.8593592212531549,0.8186839278360385
stage2_end2end,logodds,,,,,,0.6000000000000001,0.6000000000000001,0.4,0.8619701487693633,0.8205262919904085
stage2_end2end,logodds,,,,,,0.6000000000000001,0.6000000000000001,0.6000000000000001,0.8618645498533117,0.8197065642321768
stage2_end2end,logodds,,,,,,0.6000000000000001,0.6000000000000001,0.8,0.8608941575024787,0.8181208853470594
stage2_end2end,logodds,,,,,,0.6000000000000001,0.6000000000000001,1.0,0.8623913989947201,0.8165794551173265
stage2_end2end,logodds,,,,,,0.6000000000000001,0.8,0.0,0.8594027701192686,0.8163601452727132
stage2_end2end,logodds,,,,,,0.6000000000000001,0.8,0.2,0.860370817773817,0.8180343400663521
stage2_end2end,logodds,,,,,,0.6000000000000001,0.8,0.4,0.8629832190129496,0.8198809138561156
stage2_end2end,logodds,,,,,,0.6000000000000001,0.8,0.6000000000000001,0.8628770721330217,0.8190592034887881
stage2_end2end,logodds,,,,,,0.6000000000000001,0.8,0.8,0.8619074183491768,0.8174751620286844
stage2_end2end,logodds,,,,,,0.6000000000000001,0.8,1.0,0.8634052978592701,0.8159330132866771
stage2_end2end,logodds,,,,,,0.6000000000000001,1.0,0.0,0.8584435390516372,0.8121723954399599
stage2_end2end,logodds,,,,,,0.6000000000000001,1.0,0.2,0.8593500367987115,0.8140162329517636
stage2_end2end,logodds,,,,,,0.6000000000000001,1.0,0.4,0.8619611093161168,0.8158758460598097
stage2_end2end,logodds,,,,,,0.6000000000000001,1.0,0.6000000000000001,0.8619611093161168,0.8158758460598097
stage2_end2end,logodds,,,,,,0.6000000000000001,1.0,0.8,0.8611037021269818,0.8141701916795799
stage2_end2end,logodds,,,,,,0.6000000000000001,1.0,1.0,0.8626010075597432,0.8126353749637605
stage2_end2end,logodds,,,,,,0.8,0.0,0.0,0.8555734965964847,0.8047040311511129
stage2_end2end,logodds,,,,,,0.8,0.0,0.2,0.8564946384740688,0.8080832241024771
stage2_end2end,logodds,,,,,,0.8,0.0,0.4,0.8590949947242039,0.8099482336908637
stage2_end2end,logodds,,,,,,0.8,0.0,0.6000000000000001,0.8585122485416682,0.809104804437111
stage2_end2end,logodds,,,,,,0.8,0.0,0.8,0.8576454972331645,0.8083500008838527
stage2_end2end,logodds,,,,,,0.8,0.0,1.0,0.859032804304517,0.8060036423873564
stage2_end2end,logodds,,,,,,0.8,0.2,0.0,0.8565819284945927,0.8097084598260809
stage2_end2end,logodds,,,,,,0.8,0.2,0.2,0.8573465285678676,0.8122264294031103
stage2_end2end,logodds,,,,,,0.8,0.2,0.4,0.8599508457172484,0.814075233959695
stage2_end2end,logodds,,,,,,0.8,0.2,0.6000000000000001,0.8600034803325021,0.8141313669200375
stage2_end2end,logodds,,,,,,0.8,0.2,0.8,0.8583967083295594,0.8116639317467719
stage2_end2end,logodds,,,,,,0.8,0.2,1.0,0.8598889961403947,0.8101244776796541
stage2_end2end,logodds,,,,,,0.8,0.4,0.0,0.8567380728855509,0.8105814260476754
stage2_end2end,logodds,,,,,,0.8,0.4,0.2,0.8581369494661819,0.8139950879556916
stage2_end2end,logodds,,,,,,0.8,0.4,0.4,0.8609036588517158,0.8167165120990678
stage2_end2end,logodds,,,,,,0.8,0.4,0.6000000000000001,0.8606412699866208,0.815024824423207
stage2_end2end,logodds,,,,,,0.8,0.4,0.8,0.8583967083295594,0.8116639317467719
stage2_end2end,logodds,,,,,,0.8,0.4,1.0,0.8598889961403947,0.8101244776796541
stage2_end2end,logodds,,,,,,0.8,0.6000000000000001,0.0,0.8565725527335293,0.8097799443287871
stage2_end2end,logodds,,,,,,0.8,0.6000000000000001,0.2,0.8579713111258933,0.8131936062368033
stage2_end2end,logodds,,,,,,0.8,0.6000000000000001,0.4,0.8605796981283704,0.8150455366406915
stage2_end2end,logodds,,,,,,0.8,0.6000000000000001,0.6000000000000001,0.8604748730010688,0.8142257108630107
stage2_end2end,logodds,,,,,,0.8,0.6000000000000001,0.8,0.859503658011763,0.8126476242102905
stage2_end2end,logodds,,,,,,0.8,0.6000000000000001,1.0,0.8609997263305689,0.811110773059794
stage2_end2end,logodds,,,,,,0.8,0.8,0.0,0.8580245861110637,0.8108060861388594
stage2_end2end,logodds,,,,,,0.8,0.8,0.2,0.8589933869202071,0.8124770653619088
stage2_end2end,logodds,,,,,,0.8,0.8,0.4,0.8616031085293621,0.8143345673595324
stage2_end2end,logodds,,,,,,0.8,0.8,0.6000000000000001,0.8614977354641002,0.8135128569922049
stage2_end2end,logodds,,,,,,0.8,0.8,0.8,0.8605273256765348,0.8119364921850363
stage2_end2end,logodds,,,,,,0.8,0.8,1.0,0.8620239496053017,0.8104019843555044
stage2_end2end,logodds,,,,,,0.8,1.0,0.0,0.8562663016125693,0.8049135499719492
stage2_end2end,logodds,,,,,,0.8,1.0,0.2,0.8571718620441078,0.8067622286996612
stage2_end2end,logodds,,,,,,0.8,1.0,0.4,0.8597754514214218,0.8086306486348963
stage2_end2end,logodds,,,,,,0.8,1.0,0.6000000000000001,0.8597754514214218,0.8086306486348963
stage2_end2end,logodds,,,,,,0.8,1.0,0.8,0.8589197818086034,0.8069286746772869
stage2_end2end,logodds,,,,,,0.8,1.0,1.0,0.860413237202537,0.8054008916569776
stage2_end2end,logodds,,,,,,1.0,0.0,0.0,0.8493586906407153,0.7844011946739823
stage2_end2end,logodds,,,,,,1.0,0.0,0.2,0.8502850737804986,0.7877803876253464
stage2_end2end,logodds,,,,,,1.0,0.0,0.4,0.8528618813889984,0.7896971783879588
stage2_end2end,logodds,,,,,,1.0,0.0,0.6000000000000001,0.8522878946753534,0.7888537491342064
stage2_end2end,logodds,,,,,,1.0,0.0,0.8,0.8514180841638054,0.7881130093550529
stage2_end2end,logodds,,,,,,1.0,0.0,1.0,0.852797090758634,0.7857806897034226
stage2_end2end,logodds,,,,,,1.0,0.2,0.0,0.8501956084115512,0.7887379446281667
stage2_end2end,logodds,,,,,,1.0,0.2,0.2,0.8509673023149276,0.7912167774836459
stage2_end2end,logodds,,,,,,1.0,0.2,0.4,0.8535471692770613,0.7931189283346284
stage2_end2end,logodds,,,,,,1.0,0.2,0.6000000000000001,0.8536020742466862,0.7932138598148609
stage2_end2end,logodds,,,,,,1.0,0.2,0.8,0.8520030863119524,0.7907218126647921
stage2_end2end,logodds,,,,,,1.0,0.2,1.0,0.8534826519961138,0.7891965220546249
stage2_end2end,logodds,,,,,,1.0,0.4,0.0,0.8503499619490512,0.7896498292255059
stage2_end2end,logodds,,,,,,1.0,0.4,0.2,0.8517491738894556,0.7930634911335221
stage2_end2end,logodds,,,,,,1.0,0.4,0.4,0.854489567135573,0.7958759568636717
stage2_end2end,logodds,,,,,,1.0,0.4,0.6000000000000001,0.8542330609487586,0.7941459002357565
stage2_end2end,logodds,,,,,,1.0,0.4,0.8,0.8520030863119524,0.7907218126647921
stage2_end2end,logodds,,,,,,1.0,0.4,1.0,0.8534826519961138,0.7891965220546249
stage2_end2end,logodds,,,,,,1.0,0.6000000000000001,0.0,0.8514277779654211,0.7904749543895397
stage2_end2end,logodds,,,,,,1.0,0.6000000000000001,0.2,0.8528267820785389,0.7938886162975558
stage2_end2end,logodds,,,,,,1.0,0.6000000000000001,0.4,0.8554153773599917,0.7957886509836419
stage2_end2end,logodds,,,,,,1.0,0.6000000000000001,0.6000000000000001,0.855313839592294,0.794968825205961
stage2_end2end,logodds,,,,,,1.0,0.6000000000000001,0.8,0.8543434444514177,0.7934047307400016
stage2_end2end,logodds,,,,,,1.0,0.6000000000000001,1.0,0.8558291972354637,0.7918818434322237
stage2_end2end,logodds,,,,,,1.0,0.8,0.0,0.8530463323815543,0.7923248966693113
stage2_end2end,logodds,,,,,,1.0,0.8,0.2,0.854014430140936,0.7939638383350316
stage2_end2end,logodds,,,,,,1.0,0.8,0.4,0.8566052381270499,0.79586692976146
stage2_end2end,logodds,,,,,,1.0,0.8,0.6000000000000001,0.8565030366493357,0.7950452193941324
stage2_end2end,logodds,,,,,,1.0,0.8,0.8,0.8555333310013451,0.7934823777934038
stage2_end2end,logodds,,,,,,1.0,0.8,1.0,0.8570201099802996,0.7919613645317966
stage2_end2end,logodds,,,,,,1.0,1.0,0.0,0.8517803539424911,0.7879522436361086
stage2_end2end,logodds,,,,,,1.0,1.0,0.2,0.8526825746932808,0.7898116178919062
stage2_end2end,logodds,,,,,,1.0,1.0,0.4,0.8552667117885753,0.7917254590300058
stage2_end2end,logodds,,,,,,1.0,1.0,0.6000000000000001,0.8552667117885753,0.7917254590300058
stage2_end2end,logodds,,,,,,1.0,1.0,0.8,0.8544159538401976,0.7900251031195018
stage2_end2end,logodds,,,,,,1.0,1.0,1.0,0.855899154387031,0.7885094666063094
